{
  "holdout_from": "20260622",
  "minimum_absolute_top1_lift_pp": 5.0,
  "baseline": {
    "races": 151,
    "top1": 0.32450331125827814,
    "top3": 0.6225165562913907,
    "race_logloss": 1.8931482455170674
  },
  "pairwise_candidate": {
    "races": 151,
    "top1": 0.32450331125827814,
    "top3": 0.6225165562913907,
    "race_logloss": 1.8929304647891536
  },
  "bootstrap": {
    "mean_pp": 0.0,
    "ci95_low_pp": -2.6490066225165565,
    "ci95_high_pp": 2.6490066225165565,
    "probability_positive": 0.4004
  },
  "evidence": {
    "top1_lift_pp": 0.0,
    "net_wins": 0,
    "ci95_low_pp": -2.6490066225165565
  },
  "promotion_pass": false,
  "decision": "keep_v4_baseline"
}
