{
  "method": "official_as_of_entry_sheet_career_recent_form",
  "baseline": "kra_dual_phase_v4_history",
  "minimum_absolute_top1_lift_pp": 5.0,
  "entry_sheet_coverage": 1.0,
  "selection_folds": [
    "2024H2",
    "2025H1",
    "2025H2"
  ],
  "confirmation_fold": "2026_PRE_FRESH",
  "fresh_holdout_is_pristine": false,
  "fresh_holdout_note": "20260622-20260711 was already inspected in H1-H5; promotion requires results after 20260711",
  "selected": "dynamic_pairwise_d3@1.00",
  "selected_result": {
    "name": "dynamic_pairwise_d3",
    "weight": 1.0,
    "top1_lifts_pp": [
      3.2813781788351095,
      0.483481063658342,
      0.7401315789473673,
      1.3456686291000886
    ],
    "top3_lifts_pp": [
      0.656275635767023,
      1.7727639000805762,
      3.125,
      1.0092514718250678
    ],
    "logloss_deltas": [
      0.02421986452732794,
      0.09039613793162493,
      0.11261549789652348,
      0.12036763476410806
    ],
    "pooled_bootstrap": {
      "mean_pp": 1.4594039054470709,
      "ci95_low_pp": 0.513874614594039,
      "ci95_high_pp": 2.4049331963001026,
      "probability_positive": 0.9986
    },
    "pooled_logloss_delta": 0.08666274265696616,
    "fresh_holdout": {
      "from": "20260622",
      "baseline": {
        "races": 134,
        "top1": 0.31343283582089554,
        "top3": 0.664179104477612,
        "race_logloss": 1.913506339445693
      },
      "candidate": {
        "races": 134,
        "top1": 0.29850746268656714,
        "top3": 0.6567164179104478,
        "race_logloss": 2.041095879652034
      },
      "bootstrap": {
        "mean_pp": -1.4925373134328357,
        "ci95_low_pp": -6.7164179104477615,
        "ci95_high_pp": 3.731343283582089,
        "probability_positive": 0.2424
      }
    },
    "metric_gate_without_pristine_requirement": false,
    "promotion_pass": false
  },
  "candidates": [
    {
      "name": "dynamic_win_d2",
      "weight": 0.25,
      "top1_lifts_pp": [
        0.24610336341263084,
        -0.32232070910555577,
        0.4934210526315763,
        0.33641715727502075
      ],
      "top3_lifts_pp": [
        0.1640689089417613,
        2.0950846091861375,
        0.7401315789473673,
        0.4205214465937801
      ],
      "logloss_deltas": [
        -0.020095460155867606,
        -0.012325793492141024,
        -0.012451099662350584,
        -0.011402412209291501
      ]
    },
    {
      "name": "dynamic_win_d2",
      "weight": 0.5,
      "top1_lifts_pp": [
        1.312551271534046,
        -0.24174053182916544,
        0.7401315789473673,
        0.7569386038688009
      ],
      "top3_lifts_pp": [
        1.8867924528301883,
        2.0950846091861375,
        1.4802631578947345,
        1.0933557611438216
      ],
      "logloss_deltas": [
        -0.032974076800791785,
        -0.019374525273752052,
        -0.02068095557881877,
        -0.018112137310460685
      ]
    },
    {
      "name": "dynamic_win_d2",
      "weight": 0.75,
      "top1_lifts_pp": [
        1.312551271534046,
        0.16116035455278066,
        0.5756578947368418,
        1.1774600504625754
      ],
      "top3_lifts_pp": [
        1.6406890894175574,
        1.8533440773569665,
        1.8914473684210509,
        0.6728343145500415
      ],
      "logloss_deltas": [
        -0.039850065127533085,
        -0.021490517070200887,
        -0.02508112799799278,
        -0.020404638599419656
      ]
    },
    {
      "name": "dynamic_win_d2",
      "weight": 1.0,
      "top1_lifts_pp": [
        1.4766201804758017,
        0.241740531829171,
        0.3289473684210509,
        1.3456686291000886
      ],
      "top3_lifts_pp": [
        1.5586546349466768,
        1.6116035455277955,
        1.726973684210531,
        0.2523128679562725
      ],
      "logloss_deltas": [
        -0.040879666862709385,
        -0.018495958139516322,
        -0.025698606042190875,
        -0.018038328089485356
      ]
    },
    {
      "name": "dynamic_win_d3",
      "weight": 0.25,
      "top1_lifts_pp": [
        0.3281378178835115,
        -0.48348106365833643,
        0.4111842105263108,
        0.7569386038688009
      ],
      "top3_lifts_pp": [
        0.4922067268252617,
        1.7727639000805762,
        0.7401315789473673,
        0.6728343145500415
      ],
      "logloss_deltas": [
        -0.020943914171347444,
        -0.01184244181580274,
        -0.012986248178894488,
        -0.011646688420101414
      ]
    },
    {
      "name": "dynamic_win_d3",
      "weight": 0.5,
      "top1_lifts_pp": [
        1.2305168170631653,
        -0.8058017727638978,
        1.0690789473684181,
        1.0092514718250623
      ],
      "top3_lifts_pp": [
        1.2305168170631653,
        1.9339242546333568,
        1.726973684210531,
        0.8410428931875602
      ],
      "logloss_deltas": [
        -0.03442321717262198,
        -0.018946262713403605,
        -0.021846283770356134,
        -0.018804067740972874
      ]
    },
    {
      "name": "dynamic_win_d3",
      "weight": 0.75,
      "top1_lifts_pp": [
        1.9688269073010634,
        -0.24174053182916544,
        0.7401315789473673,
        1.1774600504625754
      ],
      "top3_lifts_pp": [
        1.4766201804757961,
        1.6116035455277955,
        1.6447368421052655,
        1.1774600504625754
      ],
      "logloss_deltas": [
        -0.04161338962446948,
        -0.02151820493465273,
        -0.026927905163411703,
        -0.021688607360476952
      ]
    },
    {
      "name": "dynamic_win_d3",
      "weight": 1.0,
      "top1_lifts_pp": [
        1.5586546349466768,
        0.16116035455278066,
        0.7401315789473673,
        1.6820857863751093
      ],
      "top3_lifts_pp": [
        1.5586546349466768,
        1.5310233682514052,
        1.8092105263157965,
        0.2523128679562725
      ],
      "logloss_deltas": [
        -0.04255032998396846,
        -0.01932773658935938,
        -0.028254925573228284,
        -0.02007380060028008
      ]
    },
    {
      "name": "dynamic_win_d4",
      "weight": 0.25,
      "top1_lifts_pp": [
        0.24610336341263084,
        0.16116035455278066,
        0.24671052631578538,
        0.8410428931875547
      ],
      "top3_lifts_pp": [
        0.4922067268252617,
        1.6921837228041858,
        0.7401315789473673,
        0.6728343145500415
      ],
      "logloss_deltas": [
        -0.02096883460631238,
        -0.012331423194346769,
        -0.014343702185789065,
        -0.011448891488436974
      ]
    },
    {
      "name": "dynamic_win_d4",
      "weight": 0.5,
      "top1_lifts_pp": [
        0.8203445447087787,
        -0.8058017727638978,
        0.8223684210526272,
        1.2615643397813292
      ],
      "top3_lifts_pp": [
        1.2305168170631653,
        1.4504431909750148,
        1.3980263157894801,
        0.7569386038688064
      ],
      "logloss_deltas": [
        -0.03459439465377079,
        -0.019254281287393038,
        -0.024443094271653365,
        -0.0182749574709673
      ]
    },
    {
      "name": "dynamic_win_d4",
      "weight": 0.75,
      "top1_lifts_pp": [
        1.394585726004921,
        0.16116035455278066,
        0.9868421052631582,
        1.850294365012617
      ],
      "top3_lifts_pp": [
        1.8047579983593076,
        1.9339242546333568,
        2.055921052631582,
        0.925147182506314
      ],
      "logloss_deltas": [
        -0.042023755810354224,
        -0.02096750391586033,
        -0.03071333030195822,
        -0.020619294522598475
      ]
    },
    {
      "name": "dynamic_win_d4",
      "weight": 1.0,
      "top1_lifts_pp": [
        2.132895816242819,
        0.241740531829171,
        1.4802631578947345,
        2.0185029436501303
      ],
      "top3_lifts_pp": [
        0.7383100902379036,
        1.7727639000805762,
        2.1381578947368474,
        -0.0841042893187538
      ],