{
  "method": "official_pre_race_two_week_conditioning_plus_time_safe_ratings",
  "baseline": "kra_dual_phase_v4_history",
  "minimum_absolute_top1_lift_pp": 5.0,
  "conditioning_coverage": 1.0,
  "selection_folds": [
    "2024H2",
    "2025H1",
    "2025H2"
  ],
  "confirmation_fold": "2026_PRE_FRESH",
  "fresh_holdout_is_pristine": false,
  "fresh_holdout_note": "20260622-20260711 was already inspected in H1-H6; promotion requires results after 20260711",
  "selected": "dynamic_place_d3@0.50",
  "selected_result": {
    "name": "dynamic_place_d3",
    "weight": 0.5,
    "top1_lifts_pp": [
      0.9023789991796538,
      1.208702659145855,
      0.8223684210526272,
      1.59798149705635
    ],
    "top3_lifts_pp": [
      2.0508613617719496,
      1.6921837228041858,
      2.4671052631578982,
      2.8595458368376847
    ],
    "logloss_deltas": [
      -0.041372378816590505,
      -0.008074985905125676,
      -0.015199355129902337,
      -0.01284445773166798
    ],
    "pooled_bootstrap": {
      "mean_pp": 1.1305241521068858,
      "ci95_low_pp": 0.513874614594039,
      "ci95_high_pp": 1.7677286742034943,
      "probability_positive": 0.9998
    },
    "pooled_logloss_delta": -0.019374433960662518,
    "fresh_holdout": {
      "from": "20260622",
      "baseline": {
        "races": 134,
        "top1": 0.31343283582089554,
        "top3": 0.664179104477612,
        "race_logloss": 1.913506339445693
      },
      "candidate": {
        "races": 134,
        "top1": 0.29850746268656714,
        "top3": 0.664179104477612,
        "race_logloss": 1.913877131138452
      },
      "bootstrap": {
        "mean_pp": -1.4925373134328357,
        "ci95_low_pp": -5.223880597014925,
        "ci95_high_pp": 2.2388059701492535,
        "probability_positive": 0.1471
      }
    },
    "metric_gate_without_pristine_requirement": false,
    "promotion_pass": false
  },
  "candidates": [
    {
      "name": "dynamic_win_d2",
      "weight": 0.25,
      "top1_lifts_pp": [
        0.4101722723543866,
        0.8058017727639033,
        0.4934210526315763,
        1.5138772077375962
      ],
      "top3_lifts_pp": [
        1.066447908121415,
        1.1281224818694535,
        1.726973684210531,
        1.345668629100094
      ],
      "logloss_deltas": [
        -0.02357598016225193,
        -0.020351354195486504,
        -0.018152314194283425,
        -0.02264022451773462
      ]
    },
    {
      "name": "dynamic_win_d2",
      "weight": 0.5,
      "top1_lifts_pp": [
        0.4922067268252672,
        0.966962127316684,
        1.2335526315789436,
        1.59798149705635
      ],
      "top3_lifts_pp": [
        2.2969647251845804,
        1.4504431909750148,
        2.796052631578949,
        2.775441547518931
      ],
      "logloss_deltas": [
        -0.039110565378729145,
        -0.03374357473235334,
        -0.030147381484777247,
        -0.038439015045207414
      ]
    },
    {
      "name": "dynamic_win_d2",
      "weight": 0.75,
      "top1_lifts_pp": [
        0.4922067268252672,
        1.0475423045930743,
        1.5625,
        2.354920100925151
      ],
      "top3_lifts_pp": [
        2.4610336341263306,
        1.7727639000805762,
        3.289473684210531,
        3.111858704793946
      ],
      "logloss_deltas": [
        -0.047927875509049755,
        -0.04099443828885385,
        -0.03677380731256008,
        -0.04799969835813345
      ]
    },
    {
      "name": "dynamic_win_d2",
      "weight": 1.0,
      "top1_lifts_pp": [
        0.16406890894175574,
        1.208702659145855,
        1.398026315789469,
        2.2708158116063917
      ],
      "top3_lifts_pp": [
        1.8047579983593076,
        2.3368251410153085,
        2.796052631578949,
        2.775441547518931
      ],
      "logloss_deltas": [
        -0.05027269715841021,
        -0.04201768143734763,
        -0.03816233718709783,
        -0.05102308266409317
      ]
    },
    {
      "name": "dynamic_win_d3",
      "weight": 0.25,
      "top1_lifts_pp": [
        0.9023789991796538,
        0.5640612409347323,
        0.4934210526315763,
        1.59798149705635
      ],
      "top3_lifts_pp": [
        1.722723543888438,
        1.2892828364222342,
        1.5625,
        1.1774600504625754
      ],
      "logloss_deltas": [
        -0.023392853309469608,
        -0.019623886896873,
        -0.018917998093285426,
        -0.022568346926275407
      ]
    },
    {
      "name": "dynamic_win_d3",
      "weight": 0.5,
      "top1_lifts_pp": [
        0.5742411812961423,
        1.208702659145855,
        0.9046052631578927,
        1.6820857863751093
      ],
      "top3_lifts_pp": [
        1.4766201804757961,
        1.5310233682514052,
        2.3026315789473673,
        2.354920100925151
      ],
      "logloss_deltas": [
        -0.03789451671248756,
        -0.03256196107378617,
        -0.03155626387594079,
        -0.038598720524898544
      ]
    },
    {
      "name": "dynamic_win_d3",
      "weight": 0.75,
      "top1_lifts_pp": [
        0.7383100902378981,
        1.0475423045930743,
        1.0690789473684181,
        1.9343986543313707
      ],
      "top3_lifts_pp": [
        1.8047579983593076,
        1.6116035455277955,
        3.0427631578947345,
        3.111858704793946
      ],
      "logloss_deltas": [
        -0.04494605965430676,
        -0.039608645923596475,
        -0.038692406879035524,
        -0.048636432580414724
      ]
    },
    {
      "name": "dynamic_win_d3",
      "weight": 1.0,
      "top1_lifts_pp": [
        0.656275635767023,
        1.4504431909750204,
        0.5756578947368418,
        1.766190075693863
      ],
      "top3_lifts_pp": [
        1.312551271534046,
        1.6921837228041858,
        3.3717105263157965,
        2.0185029436501356
      ],
      "logloss_deltas": [
        -0.044607075561364784,
        -0.040734232884968025,
        -0.0404628188681917,
        -0.052417065322424294
      ]
    },
    {
      "name": "dynamic_win_d4",
      "weight": 0.25,
      "top1_lifts_pp": [
        0.5742411812961423,
        0.6446414182111226,
        0.4111842105263108,
        1.850294365012617
      ],
      "top3_lifts_pp": [
        0.9844134536505345,
        1.0475423045930632,
        1.8092105263157965,
        1.5138772077376017
      ],
      "logloss_deltas": [
        -0.023278107985366336,
        -0.02064020269231648,
        -0.021774237767639315,
        -0.021584207692781687
      ]
    },
    {
      "name": "dynamic_win_d4",
      "weight": 0.5,
      "top1_lifts_pp": [
        0.16406890894175574,
        0.483481063658342,
        1.315789473684209,
        1.6820857863751093
      ],
      "top3_lifts_pp": [
        0.9844134536505345,
        2.175664786462528,
        2.7138157894736836,
        1.9343986543313707
      ],
      "logloss_deltas": [
        -0.03615548011841119,
        -0.033852750911802953,
        -0.036628863925395105,
        -0.036745144184676226
      ]
    },
    {
      "name": "dynamic_win_d4",
      "weight": 0.75,
      "top1_lifts_pp": [
        0.08203445447087787,
        1.1281224818694646,
        0.6578947368421018,
        2.9436501261564385
      ],
      "top3_lifts_pp": [
        1.968826907301069,
        2.900886381950041,
        3.289473684210531,
        2.4390243902439046
      ],
      "logloss_deltas": [
        -0.04006013761252403,
        -0.040542514695082854,
        -0.04537020922332746,
        -0.045962923135360434
      ]
    },
    {
      "name": "dynamic_win_d4",
      "weight": 1.0,
      "top1_lifts_pp": [
        0.0,
        0.725221595487513,
        0.4111842105263108,
        2.186711522287638
      ],
      "top3_lifts_pp": [
        1.1484823625922846,
        2.014504431909747,
        3.289473684210531,
        2.4390243902439046
      ],