{
  "method": "strictly_pre_date_veterinary_health_plus_time_safe_ratings",
  "baseline": "kra_dual_phase_v4_history",
  "minimum_absolute_top1_lift_pp": 5.0,
  "health_coverage": 1.0,
  "selection_folds": [
    "2024H2",
    "2025H1",
    "2025H2"
  ],
  "confirmation_fold": "2026_PRE_FRESH",
  "fresh_holdout_is_pristine": false,
  "fresh_holdout_note": "20260622-20260711 was already inspected; promotion requires results after 20260711",
  "selected": "dynamic_win_d3@1.00",
  "selected_result": {
    "name": "dynamic_win_d3",
    "weight": 1.0,
    "top1_lifts_pp": [
      0.9844134536505345,
      0.966962127316684,
      0.8223684210526272,
      1.850294365012617
    ],
    "top3_lifts_pp": [
      0.8203445447087732,
      1.9339242546333568,
      3.5361842105263164,
      3.1959629941127
    ],
    "logloss_deltas": [
      -0.04390816439852818,
      -0.04458635512675935,
      -0.043700452149018965,
      -0.04975983559075048
    ],
    "pooled_bootstrap": {
      "mean_pp": 1.1510791366906474,
      "ci95_low_pp": 0.12332990750256938,
      "ci95_high_pp": 2.219938335046249,
      "probability_positive": 0.9852
    },
    "pooled_logloss_delta": -0.04545915858348404,
    "fresh_holdout": {
      "from": "20260622",
      "baseline": {
        "races": 134,
        "top1": 0.31343283582089554,
        "top3": 0.664179104477612,
        "race_logloss": 1.913506339445693
      },
      "candidate": {
        "races": 134,
        "top1": 0.3358208955223881,
        "top3": 0.6791044776119403,
        "race_logloss": 1.876515613166377
      },
      "bootstrap": {
        "mean_pp": 2.2388059701492535,
        "ci95_low_pp": -3.731343283582089,
        "ci95_high_pp": 8.955223880597014,
        "probability_positive": 0.7232
      }
    },
    "metric_gate_without_pristine_requirement": false,
    "promotion_pass": false
  },
  "candidates": [
    {
      "name": "dynamic_win_d2",
      "weight": 0.25,
      "top1_lifts_pp": [
        0.656275635767023,
        0.3223207091055613,
        0.24671052631578538,
        1.59798149705635
      ],
      "top3_lifts_pp": [
        0.9844134536505345,
        1.1281224818694535,
        1.4802631578947345,
        1.345668629100094
      ],
      "logloss_deltas": [
        -0.02459771317124204,
        -0.01790504365928003,
        -0.01880423180787516,
        -0.02080767120856364
      ]
    },
    {
      "name": "dynamic_win_d2",
      "weight": 0.5,
      "top1_lifts_pp": [
        2.0508613617719442,
        0.966962127316684,
        0.7401315789473673,
        1.766190075693863
      ],
      "top3_lifts_pp": [
        1.1484823625922846,
        1.5310233682514052,
        2.796052631578949,
        2.1026072329688894
      ],
      "logloss_deltas": [
        -0.04088661028524099,
        -0.02918661730476879,
        -0.03145945499489544,
        -0.035098371578295984
      ]
    },
    {
      "name": "dynamic_win_d2",
      "weight": 0.75,
      "top1_lifts_pp": [
        1.4766201804758017,
        0.8058017727639033,
        1.398026315789469,
        1.766190075693863
      ],
      "top3_lifts_pp": [
        1.5586546349466768,
        1.2087026591458438,
        3.125,
        2.8595458368376847
      ],
      "logloss_deltas": [
        -0.05007105998327965,
        -0.03467524945205458,
        -0.038762564432329505,
        -0.04340910420429167
      ]
    },
    {
      "name": "dynamic_win_d2",
      "weight": 1.0,
      "top1_lifts_pp": [
        1.5586546349466768,
        0.6446414182111226,
        1.4802631578947345,
        2.2708158116063917
      ],
      "top3_lifts_pp": [
        1.8867924528301883,
        1.5310233682514052,
        3.0427631578947345,
        2.186711522287643
      ],
      "logloss_deltas": [
        -0.05220665819115311,
        -0.03442156696347709,
        -0.04084824888236693,
        -0.045496246996821865
      ]
    },
    {
      "name": "dynamic_win_d3",
      "weight": 0.25,
      "top1_lifts_pp": [
        0.656275635767023,
        0.5640612409347323,
        0.0,
        1.2615643397813292
      ],
      "top3_lifts_pp": [
        1.1484823625922846,
        1.2892828364222342,
        1.5625,
        1.5138772077376017
      ],
      "logloss_deltas": [
        -0.0224469031243415,
        -0.02111156329616204,
        -0.0196962885440235,
        -0.02169371624298866
      ]
    },
    {
      "name": "dynamic_win_d3",
      "weight": 0.5,
      "top1_lifts_pp": [
        1.1484823625922902,
        1.1281224818694646,
        0.6578947368421018,
        1.6820857863751093
      ],
      "top3_lifts_pp": [
        0.5742411812961423,
        1.2087026591458438,
        3.289473684210531,
        2.1026072329688894
      ],
      "logloss_deltas": [
        -0.036638414831692945,
        -0.03517615766288773,
        -0.033080592270738673,
        -0.03696481405656371
      ]
    },
    {
      "name": "dynamic_win_d3",
      "weight": 0.75,
      "top1_lifts_pp": [
        0.7383100902378981,
        0.8863819500402936,
        0.8223684210526272,
        0.9251471825063085
      ],
      "top3_lifts_pp": [
        0.7383100902379036,
        2.014504431909747,
        3.618421052631582,
        2.9436501261564385
      ],
      "logloss_deltas": [
        -0.04379580791409721,
        -0.04302506703672515,
        -0.04101970493173335,
        -0.046375068573448086
      ]
    },
    {
      "name": "dynamic_win_d3",
      "weight": 1.0,
      "top1_lifts_pp": [
        0.9844134536505345,
        0.966962127316684,
        0.8223684210526272,
        1.850294365012617
      ],
      "top3_lifts_pp": [
        0.8203445447087732,
        1.9339242546333568,
        3.5361842105263164,
        3.1959629941127
      ],
      "logloss_deltas": [
        -0.04390816439852818,
        -0.04458635512675935,
        -0.043700452149018965,
        -0.04975983559075048
      ]
    },
    {
      "name": "dynamic_win_d4",
      "weight": 0.25,
      "top1_lifts_pp": [
        0.4922067268252672,
        0.241740531829171,
        0.08223684210525994,
        1.766190075693863
      ],
      "top3_lifts_pp": [
        1.3945857260049266,
        1.0475423045930632,
        1.6447368421052655,
        1.5138772077376017
      ],
      "logloss_deltas": [
        -0.02262768873613341,
        -0.019566791948167683,
        -0.021022816981390857,
        -0.02024462752179934
      ]
    },
    {
      "name": "dynamic_win_d4",
      "weight": 0.5,
      "top1_lifts_pp": [
        0.5742411812961423,
        0.5640612409347323,
        0.7401315789473673,
        0.9251471825063085
      ],
      "top3_lifts_pp": [
        0.4922067268252617,
        1.6116035455277955,
        2.6315789473684292,
        1.850294365012617
      ],
      "logloss_deltas": [
        -0.03648088028639096,
        -0.03220040055694562,
        -0.03548079708749641,
        -0.034078054115181056
      ]
    },
    {
      "name": "dynamic_win_d4",
      "weight": 0.75,
      "top1_lifts_pp": [
        0.656275635767023,
        -0.08058017727638478,
        0.5756578947368418,
        2.0185029436501303
      ],
      "top3_lifts_pp": [
        1.5586546349466768,
        1.9339242546333568,
        2.1381578947368474,
        2.691337258200177
      ],
      "logloss_deltas": [
        -0.04282933981641568,
        -0.03874322605802627,
        -0.04412723991140877,
        -0.04201956914822902
      ]
    },
    {
      "name": "dynamic_win_d4",
      "weight": 1.0,
      "top1_lifts_pp": [
        -0.3281378178835115,
        0.241740531829171,
        0.6578947368421018,
        2.5231286795626584
      ],
      "top3_lifts_pp": [
        0.656275635767023,
        1.6921837228041858,
        2.1381578947368474,
        1.6820857863751093
      ],
      "logloss_deltas": [
        -0.0416307600804795,
        -0.03919299717634406,
        -0.046967361381016426,
        -0.04386809322465424
      ]
    },
    {
      "name": "dynamic_place_d3",