{
  "method": "time_safe_pedigree_offspring_strength_chronological_search",
  "baseline": "kra_dual_phase_v4_history",
  "minimum_absolute_top1_lift_pp": 5.0,
  "selection_folds": [
    "2024H2",
    "2025H1",
    "2025H2"
  ],
  "confirmation_fold": "2026_PRE_FRESH",
  "selected": "dynamic_pairwise_d3@0.75",
  "selected_result": {
    "name": "dynamic_pairwise_d3",
    "weight": 0.75,
    "top1_lifts_pp": [
      1.2305168170631653,
      1.1281224818694646,
      1.4802631578947345,
      1.0092514718250623
    ],
    "top3_lifts_pp": [
      2.4610336341263306,
      3.5455278001611634,
      2.4671052631578982,
      3.0277544154751923
    ],
    "logloss_deltas": [
      -0.02214252368174563,
      0.03244697752914316,
      0.04527472258566867,
      0.047347842832835996
    ],
    "pooled_bootstrap": {
      "mean_pp": 1.2127440904419322,
      "ci95_low_pp": 0.513874614594039,
      "ci95_high_pp": 1.9321685508735869,
      "probability_positive": 0.9996
    },
    "pooled_logloss_delta": 0.025593332951706405,
    "fresh_holdout": {
      "from": "20260622",
      "baseline": {
        "races": 134,
        "top1": 0.31343283582089554,
        "top3": 0.664179104477612,
        "race_logloss": 1.913506339445693
      },
      "candidate": {
        "races": 134,
        "top1": 0.30597014925373134,
        "top3": 0.6492537313432836,
        "race_logloss": 1.97157263485332
      },
      "bootstrap": {
        "mean_pp": -0.7462686567164178,
        "ci95_low_pp": -5.223880597014925,
        "ci95_high_pp": 3.731343283582089,
        "probability_positive": 0.3108
      }
    },
    "promotion_pass": false
  },
  "candidates": [
    {
      "name": "dynamic_win_d2",
      "weight": 0.25,
      "top1_lifts_pp": [
        0.3281378178835115,
        0.6446414182111226,
        0.5756578947368418,
        1.5138772077375962
      ],
      "top3_lifts_pp": [
        1.5586546349466768,
        1.1281224818694535,
        1.3157894736842146,
        1.1774600504625754
      ],
      "logloss_deltas": [
        -0.026991123918818083,
        -0.025223608053802415,
        -0.023835053868531686,
        -0.022058562903070067
      ]
    },
    {
      "name": "dynamic_win_d2",
      "weight": 0.5,
      "top1_lifts_pp": [
        0.08203445447087787,
        1.36986301369863,
        0.8223684210526272,
        1.9343986543313707
      ],
      "top3_lifts_pp": [
        2.7071369975389614,
        2.014504431909747,
        2.4671052631578982,
        2.186711522287643
      ],
      "logloss_deltas": [
        -0.045225379240751096,
        -0.04302126617339819,
        -0.041160102907121576,
        -0.037923298749008794
      ]
    },
    {
      "name": "dynamic_win_d2",
      "weight": 0.75,
      "top1_lifts_pp": [
        0.9844134536505345,
        1.5310233682514107,
        1.64473684210526,
        2.4390243902439046
      ],
      "top3_lifts_pp": [
        3.035274815422473,
        2.014504431909747,
        3.453947368421051,
        2.4390243902439046
      ],
      "logloss_deltas": [
        -0.0561375605820853,
        -0.05434292906780591,
        -0.05278408312153671,
        -0.048158442965511306
      ]
    },
    {
      "name": "dynamic_win_d2",
      "weight": 1.0,
      "top1_lifts_pp": [
        0.656275635767023,
        1.208702659145855,
        1.7269736842105254,
        2.186711522287638
      ],
      "top3_lifts_pp": [
        2.9532403609516034,
        2.417405318291699,
        3.2072368421052655,
        2.8595458368376847
      ],
      "logloss_deltas": [
        -0.05995651490977094,
        -0.05918458482685751,
        -0.058810527000313195,
        -0.05260417370621728
      ]
    },
    {
      "name": "dynamic_win_d3",
      "weight": 0.25,
      "top1_lifts_pp": [
        0.4922067268252672,
        0.725221595487513,
        0.24671052631578538,
        1.4297729184188424
      ],
      "top3_lifts_pp": [
        1.1484823625922846,
        0.8863819500402936,
        1.3157894736842146,
        1.429772918418848
      ],
      "logloss_deltas": [
        -0.026890866418117998,
        -0.02310867435678743,
        -0.021840007965943098,
        -0.023474781397772038
      ]
    },
    {
      "name": "dynamic_win_d3",
      "weight": 0.5,
      "top1_lifts_pp": [
        0.4922067268252672,
        0.6446414182111226,
        0.5756578947368418,
        1.9343986543313707
      ],
      "top3_lifts_pp": [
        1.4766201804757961,
        0.9669621273166729,
        2.8782894736842146,
        2.4390243902439046
      ],
      "logloss_deltas": [
        -0.044763187525294956,
        -0.03920381609698054,
        -0.03740538323953446,
        -0.04085465559605517
      ]
    },
    {
      "name": "dynamic_win_d3",
      "weight": 0.75,
      "top1_lifts_pp": [
        0.656275635767023,
        1.6921837228041914,
        1.8092105263157854,
        2.102607232968884
      ],
      "top3_lifts_pp": [
        1.4766201804757961,
        1.2892828364222342,
        3.8651315789473673,
        2.8595458368376847
      ],
      "logloss_deltas": [
        -0.05511634508276231,
        -0.049146501085228556,
        -0.04745538401135385,
        -0.05267667421238653
      ]
    },
    {
      "name": "dynamic_win_d3",
      "weight": 1.0,
      "top1_lifts_pp": [
        0.4101722723543866,
        2.256244963738924,
        0.8223684210526272,
        2.354920100925151
      ],
      "top3_lifts_pp": [
        1.312551271534046,
        2.014504431909747,
        3.3717105263157965,
        3.4482758620689724
      ],
      "logloss_deltas": [
        -0.05814116018110971,
        -0.0529481363790365,
        -0.052099797316222496,
        -0.05876429765097013
      ]
    },
    {
      "name": "dynamic_win_d4",
      "weight": 0.25,
      "top1_lifts_pp": [
        0.24610336341263084,
        0.40290088638195165,
        0.16447368421052544,
        1.1774600504625754
      ],
      "top3_lifts_pp": [
        1.722723543888438,
        1.2087026591458438,
        1.6447368421052655,
        1.6820857863751093
      ],
      "logloss_deltas": [
        -0.027103187081399582,
        -0.024769036943025124,
        -0.023623367542816576,
        -0.019810423961536427
      ]
    },
    {
      "name": "dynamic_win_d4",
      "weight": 0.5,
      "top1_lifts_pp": [
        0.24610336341263084,
        0.5640612409347323,
        0.24671052631578538,
        2.0185029436501303
      ],
      "top3_lifts_pp": [
        1.4766201804757961,
        1.2087026591458438,
        3.0427631578947345,
        1.9343986543313707
      ],
      "logloss_deltas": [
        -0.042299638818219965,
        -0.04194527566265749,
        -0.040390050084033735,
        -0.034015104831511156
      ]
    },
    {
      "name": "dynamic_win_d4",
      "weight": 0.75,
      "top1_lifts_pp": [
        0.3281378178835115,
        1.0475423045930743,
        0.24671052631578538,
        2.4390243902439046
      ],
      "top3_lifts_pp": [
        1.066447908121415,
        1.2087026591458438,
        3.5361842105263164,
        2.6072329688814233
      ],
      "logloss_deltas": [
        -0.04723938924000093,
        -0.05254732474291224,
        -0.051157527531073166,
        -0.04306038710211135
      ]
    },
    {
      "name": "dynamic_win_d4",
      "weight": 1.0,
      "top1_lifts_pp": [
        0.656275635767023,
        1.6921837228041914,
        0.4934210526315763,
        2.0185029436501303
      ],
      "top3_lifts_pp": [
        -0.7383100902379036,
        1.6116035455277955,
        2.6315789473684292,
        2.0185029436501356
      ],
      "logloss_deltas": [
        -0.04127099326297845,
        -0.05664526375848844,
        -0.0560121630322683,
        -0.04677439871945688
      ]
    },
    {
      "name": "dynamic_place_d3",
      "weight": 0.25,
      "top1_lifts_pp": [
        0.3281378178835115,
        0.16116035455278066,
        0.24671052631578538,
        1.0933557611438216
      ],