{
  "method": "market_residual_hgb_conditional_restricted_rerank_uncertainty_gate",
  "baseline": "pure_normalized_win_market",
  "minimum_absolute_top1_lift_pp": 5.0,
  "historical_odds_are_retrospective_closing_values": true,
  "feature_count": 177,
  "market_feature_count": 12,
  "candidate_policy_count": 240,
  "selection_folds": [
    "2024H2",
    "2025H1",
    "2025H2"
  ],
  "confirmation_fold": "2026_PRE_FRESH",
  "selected": "market_extra_trees|top2_uncertainty|0.30|0.03",
  "selected_result": {
    "policy": "market_extra_trees|top2_uncertainty|0.30|0.03",
    "top1_lifts_pp": [
      0.24610336341263084,
      0.48348106365833643,
      0.0,
      -0.0841042893187538
    ],
    "top3_lifts_pp": [
      0.0,
      0.0,
      0.0,
      0.0
    ],
    "logloss_deltas": [
      0.0001906332844530123,
      -0.0004098945930055553,
      -2.9629878801618048e-05,
      0.00020732734168227296
    ],
    "confirmation_positive": false,
    "pooled": {
      "intrinsic_v4": {
        "races": 4865,
        "top1": 0.28448098663926,
        "top3": 0.6004110996916753,
        "race_logloss": 2.0209983156797087
      },
      "market": {
        "races": 4865,
        "top1": 0.37492291880781087,
        "top3": 0.6980472764645427,
        "race_logloss": 1.7927189469430276
      },
      "candidate": {
        "races": 4865,
        "top1": 0.37656731757451184,
        "top3": 0.6980472764645427,
        "race_logloss": 1.7927055109211196
      },
      "top1_lift_vs_market_pp": 0.16443987667009718,
      "top1_lift_vs_intrinsic_v4_pp": 9.208633093525181,
      "bootstrap_vs_market": {
        "mean_pp": 0.1644398766700925,
        "ci95_low_pp": -0.3083247687564234,
        "ci95_high_pp": 0.6372045220966085,
        "probability_positive": 0.7365
      }
    },
    "observed_holdout": {
      "from": "20260622",
      "market": {
        "races": 134,
        "top1": 0.39552238805970147,
        "top3": 0.7089552238805971,
        "race_logloss": 1.7011436902597352
      },
      "candidate": {
        "races": 134,
        "top1": 0.39552238805970147,
        "top3": 0.7089552238805971,
        "race_logloss": 1.6986782540382188
      },
      "bootstrap_vs_market": {
        "mean_pp": 0.0,
        "ci95_low_pp": -2.2388059701492535,
        "ci95_high_pp": 2.2388059701492535,
        "probability_positive": 0.3513
      },
      "is_pristine": false
    },
    "retrospective_metric_gate": false
  },
  "top_candidates": [
    {
      "policy": "market_extra_trees|top2_uncertainty|0.30|0.03",
      "top1_lifts_pp": [
        0.24610336341263084,
        0.48348106365833643,
        0.0,
        -0.0841042893187538
      ],
      "top3_lifts_pp": [
        0.0,
        0.0,
        0.0,
        0.0
      ],
      "logloss_deltas": [
        0.0001906332844530123,
        -0.0004098945930055553,
        -2.9629878801618048e-05,
        0.00020732734168227296
      ]
    },
    {
      "policy": "residual_soft|topk|2.00|0.00",
      "top1_lifts_pp": [
        0.0,
        0.0,
        0.0,
        0.0
      ],
      "top3_lifts_pp": [
        0.0,
        0.0,
        0.0,
        0.0
      ],
      "logloss_deltas": [
        0.0,
        0.0,
        0.0,
        0.0
      ]
    },
    {
      "policy": "residual_soft|topk|3.00|0.00",
      "top1_lifts_pp": [
        0.0,
        0.0,
        0.0,
        0.0
      ],
      "top3_lifts_pp": [
        0.0,
        0.0,
        0.0,
        0.0
      ],
      "logloss_deltas": [
        0.0,
        0.0,
        0.0,
        0.0
      ]
    },
    {
      "policy": "residual_soft|top2_uncertainty|0.30|0.03",
      "top1_lifts_pp": [
        0.0,
        0.0,
        0.0,
        0.0
      ],
      "top3_lifts_pp": [
        0.0,
        0.0,
        0.0,
        0.0
      ],
      "logloss_deltas": [
        0.0,
        0.0,
        0.0,
        0.0
      ]
    },
    {
      "policy": "residual_soft|top2_uncertainty|0.30|0.06",
      "top1_lifts_pp": [
        0.0,
        0.0,
        0.0,
        0.0
      ],
      "top3_lifts_pp": [
        0.0,
        0.0,
        0.0,
        0.0
      ],
      "logloss_deltas": [
        0.0,
        0.0,
        0.0,
        0.0
      ]
    },
    {
      "policy": "residual_soft|top2_uncertainty|0.30|0.10",
      "top1_lifts_pp": [
        0.0,
        0.0,
        0.0,
        0.0
      ],
      "top3_lifts_pp": [
        0.0,
        0.0,
        0.0,
        0.0
      ],
      "logloss_deltas": [
        0.0,
        0.0,
        0.0,
        0.0
      ]
    },
    {
      "policy": "residual_soft|top2_uncertainty|0.35|0.03",
      "top1_lifts_pp": [
        0.0,
        0.0,
        0.0,
        0.0
      ],
      "top3_lifts_pp": [
        0.0,
        0.0,
        0.0,
        0.0
      ],
      "logloss_deltas": [
        0.0,
        0.0,
        0.0,
        0.0
      ]
    },
    {
      "policy": "residual_soft|top2_uncertainty|0.35|0.06",
      "top1_lifts_pp": [
        0.0,
        0.0,
        0.0,
        0.0
      ],
      "top3_lifts_pp": [
        0.0,
        0.0,
        0.0,
        0.0
      ],
      "logloss_deltas": [
        0.0,
        0.0,
        0.0,
        0.0
      ]
    },
    {
      "policy": "residual_soft|top2_uncertainty|0.35|0.10",
      "top1_lifts_pp": [
        0.0,
        0.0,
        0.0,
        0.0
      ],
      "top3_lifts_pp": [
        0.0,
        0.0,
        0.0,
        0.0
      ],
      "logloss_deltas": [
        0.0,
        0.0,
        0.0,
        0.0
      ]
    },
    {
      "policy": "residual_soft|top2_uncertainty|0.40|0.03",
      "top1_lifts_pp": [
        0.0,
        0.0,
        0.0,
        0.0
      ],
      "top3_lifts_pp": [
        0.0,
        0.0,
        0.0,
        0.0
      ],
      "logloss_deltas": [
        0.0,
        0.0,
        0.0,
        0.0
      ]
    },
    {
      "policy": "residual_soft|top2_uncertainty|0.40|0.06",
      "top1_lifts_pp": [
        0.0,
        0.0,
        0.0,
        0.0
      ],
      "top3_lifts_pp": [
        0.0,
        0.0,
        0.0,
        0.0
      ],
      "logloss_deltas": [
        0.0,
        0.0,
        0.0,
        0.0
      ]
    },
    {
      "policy": "residual_soft|top2_uncertainty|0.40|0.10",
      "top1_lifts_pp": [
        0.0,
        0.0,
        0.0,
        0.0
      ],
      "top3_lifts_pp": [
        0.0,
        0.0,
        0.0,
        0.0
      ],
      "logloss_deltas": [
        0.0,
        0.0,
        0.0,
        0.0
      ]
    },
    {
      "policy": "market_extra_trees|top2_uncertainty|0.30|0.10",
      "top1_lifts_pp": [
        0.4101722723543866,
        0.32232070910555577,
        -0.08223684210525994,
        -0.25231286795626695
      ],
      "top3_lifts_pp": [
        0.0,
        0.0,
        0.0,
        0.0
      ],
      "logloss_deltas": [
        -0.00015478179659611513,
        -3.88095081078621e-05,
        -0.00024693682570031683,
        0.0007212281702524415
      ]
    },
    {
      "policy": "market_extra_trees|top2_uncertainty|0.35|0.03",
      "top1_lifts_pp": [
        0.3281378178835115,
        0.24174053182916544,
        -0.08223684210525994,
        -0.16820857863751315
      ],
      "top3_lifts_pp": [
        0.0,
        0.0,
        0.0,
        0.0
      ],
      "logloss_deltas": [
        0.0005993247727678064,
        0.00020537737727632788,
        -1.9349267623702815e-05,
        0.00026676414903747947
      ]
    },
    {
      "policy": "residual|topk|2.00|0.00",
      "top1_lifts_pp": [
        0.0,
        0.32232070910555577,
        -0.08223684210525994,
        0.0
      ],
      "top3_lifts_pp": [
        0.0,
        0.0,
        0.0,
        0.0
      ],
      "logloss_deltas": [
        -5.57182045746174e-06,
        -0.00010379470056665063,
        2.7856657087710346e-05,
        -3.0040481511228734e-06
      ]
    },
    {
      "policy": "residual|topk|3.00|0.00",