{
  "method": "race_level_multiclass_favorite_challenger_switch",
  "baseline": "pure_normalized_win_market",
  "minimum_absolute_top1_lift_pp": 5.0,
  "historical_odds_are_retrospective_closing_values": true,
  "runner_feature_count": 117,
  "candidate_count": 30,
  "selection_folds": [
    "2024H2",
    "2025H1",
    "2025H2"
  ],
  "confirmation_fold": "2026_PRE_FRESH",
  "selected": {
    "top_k": 2,
    "class_balance_power": 0.25,
    "margin": 0.15,
    "top1_lifts_pp": [
      0.3281378178835115,
      0.5640612409347268,
      -0.4111842105263164,
      -0.0841042893187538
    ],
    "top3_lifts_pp": [
      0.0,
      0.0,
      0.0,
      0.0
    ],
    "logloss_deltas": [
      -0.0008942329271575122,
      0.002019119602833852,
      0.0015492905479177477,
      -0.0005980770874707275
    ]
  },
  "selected_result": {
    "pooled": {
      "intrinsic_v4": {
        "races": 4865,
        "top1": 0.28448098663926,
        "top3": 0.6004110996916753,
        "race_logloss": 2.0209983156797087
      },
      "market": {
        "races": 4865,
        "top1": 0.37492291880781087,
        "top3": 0.6980472764645427,
        "race_logloss": 1.7927189469430276
      },
      "candidate": {
        "races": 4865,
        "top1": 0.37595066803699895,
        "top3": 0.6980472764645427,
        "race_logloss": 1.7932501934719658
      },
      "top1_lift_vs_market_pp": 0.10277492291880796,
      "top1_lift_vs_intrinsic_v4_pp": 9.146968139773893,
      "bootstrap_vs_market": {
        "mean_pp": 0.10277492291880781,
        "ci95_low_pp": -0.41109969167523125,
        "ci95_high_pp": 0.6166495375128468,
        "probability_positive": 0.6384
      }
    },
    "observed_holdout": {
      "from": "20260622",
      "market": {
        "races": 134,
        "top1": 0.39552238805970147,
        "top3": 0.7089552238805971,
        "race_logloss": 1.7011436902597352
      },
      "candidate": {
        "races": 134,
        "top1": 0.417910447761194,
        "top3": 0.7089552238805971,
        "race_logloss": 1.6979254342837897
      },
      "bootstrap_vs_market": {
        "mean_pp": 2.2388059701492535,
        "ci95_low_pp": 0.0,
        "ci95_high_pp": 5.223880597014925,
        "probability_positive": 0.9497
      },
      "is_pristine": false
    },
    "retrospective_metric_gate": false
  },
  "candidates": [
    {
      "top_k": 2,
      "class_balance_power": 0.0,
      "margin": 0.0,
      "top1_lifts_pp": [
        0.4922067268252617,
        -0.483481063658342,
        -1.315789473684209,
        -0.25231286795626695
      ],
      "top3_lifts_pp": [
        0.0,
        0.0,
        0.0,
        0.0
      ],
      "logloss_deltas": [
        -0.0009371360204708523,
        0.0054331734641519525,
        0.0022268239817491153,
        0.0021198283986181288
      ]
    },
    {
      "top_k": 2,
      "class_balance_power": 0.0,
      "margin": 0.02,
      "top1_lifts_pp": [
        0.4922067268252617,
        -0.40290088638195165,
        -1.4802631578947345,
        -0.16820857863751315
      ],
      "top3_lifts_pp": [
        0.0,
        0.0,
        0.0,
        0.0
      ],
      "logloss_deltas": [
        -0.000548218508905185,
        0.003843351438494347,
        0.004300779079579042,
        0.0006868648097586583
      ]
    },
    {
      "top_k": 2,
      "class_balance_power": 0.0,
      "margin": 0.05,
      "top1_lifts_pp": [
        0.4101722723543866,
        -0.241740531829171,
        -1.2335526315789491,
        0.0
      ],
      "top3_lifts_pp": [
        0.0,
        0.0,
        0.0,
        0.0
      ],
      "logloss_deltas": [
        -0.00040565645890944246,
        0.001755920814276557,
        0.003074979665325772,
        -0.00028822970970576733
      ]
    },
    {
      "top_k": 2,
      "class_balance_power": 0.0,
      "margin": 0.1,
      "top1_lifts_pp": [
        0.3281378178835115,
        -0.08058017727639033,
        -1.1513157894736836,
        -0.0841042893187538
      ],
      "top3_lifts_pp": [
        0.0,
        0.0,
        0.0,
        0.0
      ],
      "logloss_deltas": [
        -0.000611211019320379,
        0.0004906887853326491,
        0.004279783826902417,
        0.00062969669291979
      ]
    },
    {
      "top_k": 2,
      "class_balance_power": 0.0,
      "margin": 0.15,
      "top1_lifts_pp": [
        0.24610336341263084,
        -0.08058017727639033,
        -1.1513157894736836,
        -0.0841042893187538
      ],
      "top3_lifts_pp": [
        0.0,
        0.0,
        0.0,
        0.0
      ],
      "logloss_deltas": [
        -0.0009765929495608727,
        -0.00020070730941723625,
        0.0036681588471638715,
        0.00046799988275703086
      ]
    },
    {
      "top_k": 2,
      "class_balance_power": 0.25,
      "margin": 0.0,
      "top1_lifts_pp": [
        -0.16406890894175574,
        0.32232070910555577,
        -0.9046052631578927,
        0.0841042893187538
      ],
      "top3_lifts_pp": [
        0.0,
        0.0,
        0.0,
        0.0
      ],
      "logloss_deltas": [
        0.0022001166631782088,
        0.005073995797115538,
        0.0014158438203297763,
        -0.0009723425159449128
      ]
    },
    {
      "top_k": 2,
      "class_balance_power": 0.25,
      "margin": 0.02,
      "top1_lifts_pp": [
        -0.16406890894175574,
        0.24174053182916544,
        -1.0690789473684181,
        0.1682085786375076
      ],
      "top3_lifts_pp": [
        0.0,
        0.0,
        0.0,
        0.0
      ],
      "logloss_deltas": [
        0.0022001166631782088,
        0.00650434697673008,
        0.002958564983981171,
        -0.0008433600212420789
      ]
    },
    {
      "top_k": 2,
      "class_balance_power": 0.25,
      "margin": 0.05,
      "top1_lifts_pp": [
        0.16406890894175574,
        0.08058017727639033,
        -0.9868421052631582,
        0.25231286795626695
      ],
      "top3_lifts_pp": [
        0.0,
        0.0,
        0.0,
        0.0
      ],
      "logloss_deltas": [
        0.0006282821769456604,
        0.005661545393656597,
        0.002599451156979349,
        -0.0013151858477165046
      ]
    },
    {
      "top_k": 2,
      "class_balance_power": 0.25,
      "margin": 0.1,
      "top1_lifts_pp": [
        0.24610336341263084,
        0.24174053182916544,
        -0.7401315789473673,
        0.1682085786375076
      ],
      "top3_lifts_pp": [
        0.0,
        0.0,
        0.0,
        0.0
      ],
      "logloss_deltas": [
        0.000497176167072233,
        0.003441223999165688,
        0.002635998203261547,
        -0.0007795162790595889
      ]
    },
    {
      "top_k": 2,
      "class_balance_power": 0.25,
      "margin": 0.15,
      "top1_lifts_pp": [
        0.3281378178835115,
        0.5640612409347268,
        -0.4111842105263164,
        -0.0841042893187538
      ],
      "top3_lifts_pp": [
        0.0,
        0.0,
        0.0,
        0.0
      ],
      "logloss_deltas": [
        -0.0008942329271575122,
        0.002019119602833852,
        0.0015492905479177477,
        -0.0005980770874707275
      ]
    },
    {
      "top_k": 2,
      "class_balance_power": 0.5,
      "margin": 0.0,
      "top1_lifts_pp": [
        0.24610336341263084,
        -1.1281224818694646,
        -1.64473684210526,
        -0.6728343145500415
      ],
      "top3_lifts_pp": [
        0.0,
        0.0,
        0.0,
        0.0
      ],
      "logloss_deltas": [
        0.002081356895943909,
        0.012668257621786694,
        0.00831627821730585,
        0.0044980868776125504
      ]
    },
    {
      "top_k": 2,
      "class_balance_power": 0.5,
      "margin": 0.02,
      "top1_lifts_pp": [
        0.24610336341263084,
        -1.1281224818694646,
        -1.3980263157894746,
        -0.33641715727502075
      ],
      "top3_lifts_pp": [
        0.0,
        0.0,
        0.0,
        0.0
      ],