{
  "method": "same_day_safe_dynamic_elo_chronological_search",
  "baseline": "kra_dual_phase_v4_history",
  "minimum_absolute_top1_lift_pp": 5.0,
  "selection_folds": [
    "2024H2",
    "2025H1",
    "2025H2"
  ],
  "confirmation_fold": "2026_PRE_FRESH",
  "selected": "dynamic_win_d2@1.00",
  "selected_result": {
    "name": "dynamic_win_d2",
    "weight": 1.0,
    "top1_lifts_pp": [
      1.2305168170631653,
      1.0475423045930743,
      1.398026315789469,
      2.4390243902439046
    ],
    "top3_lifts_pp": [
      2.5430680885972112,
      1.6921837228041858,
      2.8782894736842146,
      2.8595458368376847
    ],
    "logloss_deltas": [
      -0.055548324080020084,
      -0.0431063137888934,
      -0.04186720858833026,
      -0.04703692132635107
    ],
    "pooled_bootstrap": {
      "mean_pp": 1.5210688591983557,
      "ci95_low_pp": 0.4933196300102775,
      "ci95_high_pp": 2.5899280575539567,
      "probability_positive": 0.998
    },
    "pooled_logloss_delta": -0.046879383369130556,
    "fresh_holdout": {
      "from": "20260622",
      "baseline": {
        "races": 134,
        "top1": 0.31343283582089554,
        "top3": 0.664179104477612,
        "race_logloss": 1.913506339445693
      },
      "candidate": {
        "races": 134,
        "top1": 0.3283582089552239,
        "top3": 0.6343283582089553,
        "race_logloss": 1.8831744670493622
      },
      "bootstrap": {
        "mean_pp": 1.4925373134328357,
        "ci95_low_pp": -5.223880597014925,
        "ci95_high_pp": 8.208955223880597,
        "probability_positive": 0.6365
      }
    },
    "promotion_pass": false
  },
  "candidates": [
    {
      "name": "dynamic_win_d2",
      "weight": 0.25,
      "top1_lifts_pp": [
        0.4101722723543866,
        0.725221595487513,
        0.16447368421052544,
        1.5138772077375962
      ],
      "top3_lifts_pp": [
        0.9023789991796538,
        1.0475423045930632,
        1.1513157894736836,
        1.0092514718250678
      ],
      "logloss_deltas": [
        -0.02529518141950149,
        -0.02056086249196243,
        -0.019234263760379955,
        -0.021202397041756083
      ]
    },
    {
      "name": "dynamic_win_d2",
      "weight": 0.5,
      "top1_lifts_pp": [
        1.5586546349466768,
        1.2892828364222453,
        0.8223684210526272,
        1.5138772077375962
      ],
      "top3_lifts_pp": [
        1.4766201804757961,
        1.2892828364222342,
        2.96052631578948,
        2.186711522287643
      ],
      "logloss_deltas": [
        -0.04228090742025925,
        -0.034195648227762776,
        -0.03221653205060071,
        -0.03588707051602458
      ]
    },
    {
      "name": "dynamic_win_d2",
      "weight": 0.75,
      "top1_lifts_pp": [
        2.0508613617719442,
        0.8863819500402936,
        1.315789473684209,
        2.102607232968884
      ],
      "top3_lifts_pp": [
        2.132895816242819,
        1.6921837228041858,
        2.796052631578949,
        2.5231286795626584
      ],
      "logloss_deltas": [
        -0.052297869339157366,
        -0.04173534204134666,
        -0.03972608196371996,
        -0.044585064281920994
      ]
    },
    {
      "name": "dynamic_win_d2",
      "weight": 1.0,
      "top1_lifts_pp": [
        1.2305168170631653,
        1.0475423045930743,
        1.398026315789469,
        2.4390243902439046
      ],
      "top3_lifts_pp": [
        2.5430680885972112,
        1.6921837228041858,
        2.8782894736842146,
        2.8595458368376847
      ],
      "logloss_deltas": [
        -0.055548324080020084,
        -0.0431063137888934,
        -0.04186720858833026,
        -0.04703692132635107
      ]
    },
    {
      "name": "dynamic_win_d3",
      "weight": 0.25,
      "top1_lifts_pp": [
        0.4101722723543866,
        0.08058017727639033,
        0.24671052631578538,
        1.4297729184188424
      ],
      "top3_lifts_pp": [
        0.9023789991796538,
        1.0475423045930632,
        1.6447368421052655,
        1.5138772077376017
      ],
      "logloss_deltas": [
        -0.022768809297787573,
        -0.0200594449905398,
        -0.01937459441106859,
        -0.022866389616601923
      ]
    },
    {
      "name": "dynamic_win_d3",
      "weight": 0.5,
      "top1_lifts_pp": [
        1.2305168170631653,
        0.5640612409347323,
        1.315789473684209,
        1.6820857863751093
      ],
      "top3_lifts_pp": [
        0.9023789991796538,
        1.2892828364222342,
        3.0427631578947345,
        2.691337258200177
      ],
      "logloss_deltas": [
        -0.037546482733274544,
        -0.03326385814173749,
        -0.03265468586786269,
        -0.039155162230744
      ]
    },
    {
      "name": "dynamic_win_d3",
      "weight": 0.75,
      "top1_lifts_pp": [
        0.9023789991796538,
        0.725221595487513,
        1.2335526315789436,
        1.5138772077375962
      ],
      "top3_lifts_pp": [
        1.1484823625922846,
        1.3698630136986245,
        3.125,
        2.8595458368376847
      ],
      "logloss_deltas": [
        -0.04562547418990093,
        -0.04046724223212661,
        -0.0405835540649524,
        -0.049419970819921
      ]
    },
    {
      "name": "dynamic_win_d3",
      "weight": 1.0,
      "top1_lifts_pp": [
        0.8203445447087787,
        1.1281224818694646,
        1.0690789473684181,
        2.102607232968884
      ],
      "top3_lifts_pp": [
        1.066447908121415,
        1.6921837228041858,
        3.125,
        2.8595458368376847
      ],
      "logloss_deltas": [
        -0.0471421101807028,
        -0.04165500708960912,
        -0.04328424694563204,
        -0.05342064659936785
      ]
    },
    {
      "name": "dynamic_win_d4",
      "weight": 0.25,
      "top1_lifts_pp": [
        0.24610336341263084,
        0.08058017727639033,
        0.24671052631578538,
        1.5138772077375962
      ],
      "top3_lifts_pp": [
        1.066447908121415,
        0.725221595487513,
        1.6447368421052655,
        1.6820857863751093
      ],
      "logloss_deltas": [
        -0.023780357267885854,
        -0.01993413648355702,
        -0.01956033003591151,
        -0.021131691725986057
      ]
    },
    {
      "name": "dynamic_win_d4",
      "weight": 0.5,
      "top1_lifts_pp": [
        0.656275635767023,
        0.08058017727639033,
        0.9868421052631582,
        1.59798149705635
      ],
      "top3_lifts_pp": [
        1.066447908121415,
        1.9339242546333568,
        2.5493421052631637,
        2.0185029436501356
      ],
      "logloss_deltas": [
        -0.037344249192354795,
        -0.032889170799137224,
        -0.03254670292299,
        -0.03595772208669534
      ]
    },
    {
      "name": "dynamic_win_d4",
      "weight": 0.75,
      "top1_lifts_pp": [
        0.4101722723543866,
        -0.32232070910555577,
        1.0690789473684181,
        1.9343986543313707
      ],
      "top3_lifts_pp": [
        2.0508613617719496,
        1.9339242546333568,
        2.3848684210526327,
        1.9343986543313707
      ],
      "logloss_deltas": [
        -0.0421561187698436,
        -0.0397921887809396,
        -0.039792448203196606,
        -0.0450007484505166
      ]
    },
    {
      "name": "dynamic_win_d4",
      "weight": 1.0,
      "top1_lifts_pp": [
        0.9023789991796538,
        -0.7252215954875074,
        0.3289473684210509,
        2.354920100925151
      ],
      "top3_lifts_pp": [
        0.5742411812961423,
        2.014504431909747,
        1.726973684210531,
        2.186711522287643
      ],
      "logloss_deltas": [
        -0.03794373946159357,
        -0.04071606871178668,
        -0.04136300974061191,
        -0.04810342133153522
      ]
    },
    {
      "name": "dynamic_place_d3",
      "weight": 0.25,
      "top1_lifts_pp": [
        0.4101722723543866,
        0.241740531829171,
        0.16447368421052544,
        1.0092514718250623
      ],