{
  "method": "global_winner_svm_neural_rf_conditional_logit_benchmark",
  "baseline": "kra_dual_phase_v4_history",
  "odds_in_candidate": false,
  "minimum_absolute_top1_lift_pp": 5.0,
  "selection_folds": [
    "2024H2",
    "2025H1",
    "2025H2"
  ],
  "confirmation_fold": "2026_PRE_FRESH",
  "fresh_holdout_is_pristine": false,
  "selected": "conditional_logit_r2@0.25",
  "selected_result": {
    "name": "conditional_logit_r2",
    "weight": 0.25,
    "top1_lifts_pp": [
      1.1484823625922902,
      0.966962127316684,
      1.0690789473684181,
      1.3456686291000886
    ],
    "top3_lifts_pp": [
      1.3945857260049266,
      1.8533440773569665,
      0.7401315789473673,
      1.850294365012617
    ],
    "logloss_deltas": [
      -0.021726061359226723,
      -0.024618370072945428,
      -0.018548293305459485,
      -0.017944736119529514
    ],
    "pooled_bootstrap": {
      "mean_pp": 1.1305241521068858,
      "ci95_low_pp": 0.5549845837615622,
      "ci95_high_pp": 1.7060637204522098,
      "probability_positive": 1.0
    },
    "pooled_logloss_delta": -0.020746216806342144,
    "fresh_holdout": {
      "from": "20260622",
      "baseline": {
        "races": 134,
        "top1": 0.31343283582089554,
        "top3": 0.664179104477612,
        "race_logloss": 1.913506339445693
      },
      "candidate": {
        "races": 134,
        "top1": 0.31343283582089554,
        "top3": 0.6492537313432836,
        "race_logloss": 1.8940903748394424
      },
      "bootstrap": {
        "mean_pp": 0.0,
        "ci95_low_pp": -3.731343283582089,
        "ci95_high_pp": 3.731343283582089,
        "probability_positive": 0.4216
      },
      "retrospective_market": {
        "races": 134,
        "top1": 0.39552238805970147,
        "top3": 0.7089552238805971,
        "race_logloss": 1.7011436902597352
      },
      "candidate_vs_market_top1_pp": -8.208955223880594
    },
    "metric_gate_without_pristine_requirement": false,
    "promotion_pass": false
  },
  "retrospective_market_diagnostics": [
    {
      "fold": "2024H2",
      "candidate_top1": 0.26004922067268255,
      "market_top1": 0.35192780968006565,
      "candidate_vs_market_top1_pp": -9.187858900738311
    },
    {
      "fold": "2025H1",
      "candidate_top1": 0.30862207896857374,
      "market_top1": 0.38033843674456086,
      "candidate_vs_market_top1_pp": -7.171635777598712
    },
    {
      "fold": "2025H2",
      "candidate_top1": 0.30838815789473684,
      "market_top1": 0.38651315789473684,
      "candidate_vs_market_top1_pp": -7.8125
    },
    {
      "fold": "2026_PRE_FRESH",
      "candidate_top1": 0.30613961312026916,
      "market_top1": 0.3809924306139613,
      "candidate_vs_market_top1_pp": -7.485281749369216
    }
  ],
  "candidates": [
    {
      "name": "winner_svm_c003",
      "weight": 0.25,
      "top1_lifts_pp": [
        0.08203445447087787,
        0.3223207091055613,
        0.16447368421052544,
        0.08410428931875935
      ],
      "top3_lifts_pp": [
        0.41017227235439213,
        0.6446414182111226,
        0.0,
        0.5046257359125339
      ],
      "logloss_deltas": [
        -0.011958679364483249,
        0.015343816717991121,
        0.017460398630117613,
        0.02251554546154555
      ]
    },
    {
      "name": "winner_svm_c003",
      "weight": 0.5,
      "top1_lifts_pp": [
        0.24610336341263084,
        0.3223207091055613,
        0.4111842105263108,
        0.7569386038688009
      ],
      "top3_lifts_pp": [
        0.656275635767023,
        1.3698630136986245,
        0.6578947368421129,
        0.7569386038688064
      ],
      "logloss_deltas": [
        0.000899978710419358,
        0.04627741907446703,
        0.05553647831305586,
        0.06205461465081341
      ]
    },
    {
      "name": "winner_svm_c003",
      "weight": 0.75,
      "top1_lifts_pp": [
        0.3281378178835115,
        0.241740531829171,
        0.7401315789473673,
        1.0092514718250623
      ],
      "top3_lifts_pp": [
        0.9844134536505345,
        2.5785656728444795,
        1.4802631578947345,
        1.5979814970563555
      ],
      "logloss_deltas": [
        0.03304464534251306,
        0.09303485883780782,
        0.11282051310048358,
        0.11931849866370103
      ]
    },
    {
      "name": "winner_svm_c003",
      "weight": 1.0,
      "top1_lifts_pp": [
        1.394585726004921,
        0.3223207091055613,
        1.0690789473684181,
        1.766190075693863
      ],
      "top3_lifts_pp": [
        0.24610336341263084,
        2.256244963738918,
        2.3848684210526327,
        2.691337258200177
      ],
      "logloss_deltas": [
        0.08579807869629397,
        0.15947736864316076,
        0.1937460830099158,
        0.19934392635248677
      ]
    },
    {
      "name": "winner_svm_c010",
      "weight": 0.25,
      "top1_lifts_pp": [
        0.08203445447087787,
        0.3223207091055613,
        0.16447368421052544,
        0.08410428931875935
      ],
      "top3_lifts_pp": [
        0.41017227235439213,
        0.6446414182111226,
        0.0,
        0.5046257359125339
      ],
      "logloss_deltas": [
        -0.011994736368264647,
        0.015345564514317456,
        0.017459943428158153,
        0.02251444114316281
      ]
    },
    {
      "name": "winner_svm_c010",
      "weight": 0.5,
      "top1_lifts_pp": [
        0.24610336341263084,
        0.3223207091055613,
        0.4111842105263108,
        0.7569386038688009
      ],
      "top3_lifts_pp": [
        0.656275635767023,
        1.2892828364222342,
        0.6578947368421129,
        0.7569386038688064
      ],
      "logloss_deltas": [
        0.000753031351338862,
        0.046281037054121565,
        0.05553580784324552,
        0.06205239112620453
      ]
    },
    {
      "name": "winner_svm_c010",
      "weight": 0.75,
      "top1_lifts_pp": [
        0.4101722723543866,
        0.16116035455278066,
        0.7401315789473673,
        1.0092514718250623
      ],
      "top3_lifts_pp": [
        0.8203445447087732,
        2.5785656728444795,
        1.4802631578947345,
        1.5979814970563555
      ],
      "logloss_deltas": [
        0.03272262492954514,
        0.09304070461035963,
        0.11281944004875477,
        0.11931498496770643
      ]
    },
    {
      "name": "winner_svm_c010",
      "weight": 1.0,
      "top1_lifts_pp": [
        1.394585726004921,
        0.40290088638195165,
        1.0690789473684181,
        1.766190075693863
      ],
      "top3_lifts_pp": [
        0.24610336341263084,
        2.256244963738918,
        2.3848684210526327,
        2.691337258200177
      ],
      "logloss_deltas": [
        0.085206718326853,
        0.15948627785504055,
        0.19374414691671982,
        0.1993387187815181
      ]
    },
    {
      "name": "neural_network_a001",
      "weight": 0.25,
      "top1_lifts_pp": [
        0.16406890894175574,
        0.0,
        -0.164473684210531,
        1.3456686291000886
      ],
      "top3_lifts_pp": [
        0.9844134536505345,
        1.2087026591458438,
        1.2335526315789491,
        1.5979814970563555
      ],
      "logloss_deltas": [
        -0.019617624877734663,
        0.0006672436955557082,
        -0.009231959103712217,
        -0.013648189875747008
      ]
    },
    {
      "name": "neural_network_a001",
      "weight": 0.5,
      "top1_lifts_pp": [
        0.4922067268252672,
        -0.5640612409347268,
        0.08223684210525994,
        1.2615643397813292
      ],
      "top3_lifts_pp": [
        1.066447908121415,
        2.65914585012087,
        1.8092105263157965,
        1.9343986543313707
      ],
      "logloss_deltas": [
        -0.023737736348599103,
        0.012815688719597151,
        -0.0076659221864290306,
        -0.015565060489036497
      ]
    },
    {
      "name": "neural_network_a001",
      "weight": 0.75,