{
  "method": "nested_chronological_race_level_model_meta_gate",
  "baseline": "kra_dual_phase_v4_history",
  "minimum_absolute_top1_lift_pp": 5.0,
  "selection_folds": [
    "2024H2",
    "2025H1",
    "2025H2"
  ],
  "confirmation_fold": "2026_PRE_FRESH",
  "fresh_holdout_is_pristine": false,
  "fresh_holdout_note": "20260622-20260711 was already inspected; promotion requires results after 20260711",
  "selected": "soft_meta_gate@0.50",
  "selected_result": {
    "name": "soft_meta_gate",
    "weight": 0.5,
    "top1_lifts_pp": [
      1.4766201804758017,
      1.2892828364222453,
      1.5625,
      1.5138772077375962
    ],
    "top3_lifts_pp": [
      2.9532403609516034,
      3.3037872683319924,
      3.289473684210531,
      2.0185029436501356
    ],
    "logloss_deltas": [
      -0.05833969728154775,
      -0.050967990180595724,
      -0.05646056575287761,
      -0.04903419870367798
    ],
    "pooled_bootstrap": {
      "mean_pp": 1.4594039054470709,
      "ci95_low_pp": 0.65775950668037,
      "ci95_high_pp": 2.2816032887975335,
      "probability_positive": 0.9999
    },
    "pooled_logloss_delta": -0.05371663946392036,
    "fresh_holdout": {
      "from": "20260622",
      "baseline": {
        "races": 134,
        "top1": 0.31343283582089554,
        "top3": 0.664179104477612,
        "race_logloss": 1.913506339445693
      },
      "candidate": {
        "races": 134,
        "top1": 0.3358208955223881,
        "top3": 0.6567164179104478,
        "race_logloss": 1.8719197434974224
      },
      "bootstrap": {
        "mean_pp": 2.2388059701492535,
        "ci95_low_pp": -2.9850746268656714,
        "ci95_high_pp": 7.462686567164178,
        "probability_positive": 0.7642
      }
    },
    "metric_gate_without_pristine_requirement": false,
    "promotion_pass": false
  },
  "candidates": [
    {
      "name": "hard_meta_gate",
      "weight": 0.25,
      "top1_lifts_pp": [
        1.0664479081214095,
        1.208702659145855,
        0.8223684210526272,
        1.850294365012617
      ],
      "top3_lifts_pp": [
        1.6406890894175574,
        0.3223207091055613,
        0.9868421052631637,
        1.0092514718250678
      ],
      "logloss_deltas": [
        -0.028888126752107723,
        -0.01236075323827146,
        -0.016173320307565797,
        -0.01954040269220969
      ]
    },
    {
      "name": "hard_meta_gate",
      "weight": 0.5,
      "top1_lifts_pp": [
        1.394585726004921,
        1.0475423045930743,
        1.4802631578947345,
        1.766190075693863
      ],
      "top3_lifts_pp": [
        2.132895816242819,
        1.6116035455277955,
        1.9736842105263164,
        2.1026072329688894
      ],
      "logloss_deltas": [
        -0.04446085514901199,
        -0.018211784952303134,
        -0.020055743574599605,
        -0.023356399906518943
      ]
    },
    {
      "name": "hard_meta_gate",
      "weight": 0.75,
      "top1_lifts_pp": [
        0.9844134536505345,
        1.2892828364222453,
        1.9736842105263108,
        2.0185029436501303
      ],
      "top3_lifts_pp": [
        2.625102543068092,
        2.256244963738918,
        2.220394736842113,
        1.9343986543313707
      ],
      "logloss_deltas": [
        -0.050673396600886544,
        -0.017682229611126754,
        -0.012297693933533749,
        -0.011515904525185805
      ]
    },
    {
      "name": "hard_meta_gate",
      "weight": 1.0,
      "top1_lifts_pp": [
        0.8203445447087787,
        0.6446414182111226,
        2.1381578947368416,
        2.859545836837679
      ],
      "top3_lifts_pp": [
        2.378999179655461,
        1.9339242546333568,
        2.4671052631578982,
        2.354920100925151
      ],
      "logloss_deltas": [
        -0.04816635997447749,
        -0.005012007482169789,
        0.017296573310858987,
        0.028530461222742387
      ]
    },
    {
      "name": "soft_meta_gate",
      "weight": 0.25,
      "top1_lifts_pp": [
        1.6406890894175574,
        0.8863819500402936,
        0.9868421052631582,
        1.850294365012617
      ],
      "top3_lifts_pp": [
        1.8867924528301883,
        1.7727639000805762,
        1.3157894736842146,
        1.766190075693863
      ],
      "logloss_deltas": [
        -0.03405593143391483,
        -0.03035926655049237,
        -0.03286957589798578,
        -0.028520341223446932
      ]
    },
    {
      "name": "soft_meta_gate",
      "weight": 0.5,
      "top1_lifts_pp": [
        1.4766201804758017,
        1.2892828364222453,
        1.5625,
        1.5138772077375962
      ],
      "top3_lifts_pp": [
        2.9532403609516034,
        3.3037872683319924,
        3.289473684210531,
        2.0185029436501356
      ],
      "logloss_deltas": [
        -0.05833969728154775,
        -0.050967990180595724,
        -0.05646056575287761,
        -0.04903419870367798
      ]
    },
    {
      "name": "soft_meta_gate",
      "weight": 0.75,
      "top1_lifts_pp": [
        1.2305168170631653,
        1.2892828364222453,
        1.5625,
        2.186711522287638
      ],
      "top3_lifts_pp": [
        3.199343724364234,
        3.6261079774375538,
        3.618421052631582,
        2.4390243902439046
      ],
      "logloss_deltas": [
        -0.07511278002858157,
        -0.06315762706020434,
        -0.07229800112233997,
        -0.06289058953339266
      ]
    },
    {
      "name": "soft_meta_gate",
      "weight": 1.0,
      "top1_lifts_pp": [
        1.312551271534046,
        0.966962127316684,
        1.4802631578947345,
        2.9436501261564385
      ],
      "top3_lifts_pp": [
        3.937653814602138,
        3.706688154713933,
        5.509868421052633,
        2.6072329688814233
      ],
      "logloss_deltas": [
        -0.08519326843695607,
        -0.06670543684267116,
        -0.07909746007367824,
        -0.07032139564754303
      ]
    },
    {
      "name": "conservative_meta_gate",
      "weight": 0.25,
      "top1_lifts_pp": [
        0.7383100902378981,
        0.8058017727639033,
        0.7401315789473673,
        0.9251471825063085
      ],
      "top3_lifts_pp": [
        0.656275635767023,
        0.3223207091055613,
        0.3289473684210509,
        0.1682085786375187
      ],
      "logloss_deltas": [
        -0.009644926649987617,
        -0.009267659040788967,
        -0.006504225873109837,
        -0.007441473721582881
      ]
    },
    {
      "name": "conservative_meta_gate",
      "weight": 0.5,
      "top1_lifts_pp": [
        0.8203445447087787,
        0.966962127316684,
        1.4802631578947345,
        1.0092514718250623
      ],
      "top3_lifts_pp": [
        1.066447908121415,
        1.2087026591458438,
        0.4111842105263164,
        0.5887300252312877
      ],
      "logloss_deltas": [
        -0.015965249163811812,
        -0.014070912625149923,
        -0.007771323196615665,
        -0.010062686796981746
      ]
    },
    {
      "name": "conservative_meta_gate",
      "weight": 0.75,
      "top1_lifts_pp": [
        0.7383100902378981,
        1.611603545527801,
        1.7269736842105254,
        1.1774600504625754
      ],
      "top3_lifts_pp": [
        1.5586546349466768,
        1.6116035455277955,
        0.3289473684210509,
        0.1682085786375187
      ],
      "logloss_deltas": [
        -0.01987093081343927,
        -0.01454147305792608,
        -0.003438874111200363,
        -0.008451326203898102
      ]
    },
    {
      "name": "conservative_meta_gate",
      "weight": 1.0,
      "top1_lifts_pp": [
        0.7383100902378981,
        0.8058017727639033,
        1.5625,
        2.102607232968884
      ],
      "top3_lifts_pp": [
        1.4766201804757961,
        1.2892828364222342,
        0.49342105263158187,
        0.1682085786375187
      ],
      "logloss_deltas": [
        -0.021627527384735945,
        -0.008055314943415048,
        0.014419142954325226,
        7.155982134143812e-05
      ]
    }
  ],
  "promotion_pass": false
}
