{
  "method": "winner_pairwise_ranker_first_three_folds_confirmation_fourth",
  "baseline": "kra_dual_phase_v4_history_hgb_d3",
  "candidates": {
    "pair_logistic_c10": {
      "weight": 0.5,
      "folds": [
        {
          "fold": "2024H2",
          "top1_lift_pp": -0.16406890894175574,
          "top3_lift_pp": 0.0,
          "logloss_delta": -0.0012650468162158646,
          "candidate": {
            "races": 1219,
            "top1": 0.2469237079573421,
            "top3": 0.5758818703855619,
            "race_logloss": 2.103546343066793
          }
        },
        {
          "fold": "2025H1",
          "top1_lift_pp": 0.16116035455278066,
          "top3_lift_pp": 0.8058017727639033,
          "logloss_delta": 0.030407975692802847,
          "candidate": {
            "races": 1241,
            "top1": 0.3005640612409347,
            "top3": 0.5962933118452861,
            "race_logloss": 2.06058740439413
          }
        },
        {
          "fold": "2025H2",
          "top1_lift_pp": 0.4111842105263108,
          "top3_lift_pp": -0.24671052631578538,
          "logloss_delta": 0.04174057918569529,
          "candidate": {
            "races": 1216,
            "top1": 0.30180921052631576,
            "top3": 0.6175986842105263,
            "race_logloss": 2.01772845967176
          }
        },
        {
          "fold": "2026H1",
          "top1_lift_pp": 0.8410428931875547,
          "top3_lift_pp": 0.0841042893187649,
          "logloss_delta": 0.044939468527015025,
          "candidate": {
            "races": 1189,
            "top1": 0.3010933557611438,
            "top3": 0.6190075693860387,
            "race_logloss": 2.0162838685007247
          }
        }
      ],
      "selection_mean_top1_lift_pp": 0.1360918853791119,
      "selection_min_top1_lift_pp": -0.16406890894175574,
      "selection_min_top3_lift_pp": -0.24671052631578538,
      "pooled_bootstrap": {
        "mean_pp": 0.3083247687564234,
        "ci95_low_pp": -0.06166495375128469,
        "ci95_high_pp": 0.6783144912641316,
        "probability_positive": 0.9465
      },
      "pooled_logloss_delta": 0.028841024500325663,
      "promotion_pass": false
    },
    "pair_logistic_c1": {
      "weight": 0.5,
      "folds": [
        {
          "fold": "2024H2",
          "top1_lift_pp": -0.16406890894175574,
          "top3_lift_pp": 0.0,
          "logloss_delta": -0.0012633625871192322,
          "candidate": {
            "races": 1219,
            "top1": 0.2469237079573421,
            "top3": 0.5758818703855619,
            "race_logloss": 2.1035480272958895
          }
        },
        {
          "fold": "2025H1",
          "top1_lift_pp": 0.16116035455278066,
          "top3_lift_pp": 0.8058017727639033,
          "logloss_delta": 0.030408469513456104,
          "candidate": {
            "races": 1241,
            "top1": 0.3005640612409347,
            "top3": 0.5962933118452861,
            "race_logloss": 2.0605878982147834
          }
        },
        {
          "fold": "2025H2",
          "top1_lift_pp": 0.4111842105263108,
          "top3_lift_pp": -0.24671052631578538,
          "logloss_delta": 0.041741512048012464,
          "candidate": {
            "races": 1216,
            "top1": 0.30180921052631576,
            "top3": 0.6175986842105263,
            "race_logloss": 2.0177293925340773
          }
        },
        {
          "fold": "2026H1",
          "top1_lift_pp": 0.8410428931875547,
          "top3_lift_pp": 0.0841042893187649,
          "logloss_delta": 0.04494037921639804,
          "candidate": {
            "races": 1189,
            "top1": 0.3010933557611438,
            "top3": 0.6190075693860387,
            "race_logloss": 2.0162847791901077
          }
        }
      ],
      "selection_mean_top1_lift_pp": 0.1360918853791119,
      "selection_min_top1_lift_pp": -0.16406890894175574,
      "selection_min_top3_lift_pp": -0.24671052631578538,
      "pooled_bootstrap": {
        "mean_pp": 0.3083247687564234,
        "ci95_low_pp": -0.06166495375128469,
        "ci95_high_pp": 0.6783144912641316,
        "probability_positive": 0.9465
      },
      "pooled_logloss_delta": 0.028842028512585216,
      "promotion_pass": false
    },
    "pair_logistic_c01": {
      "weight": 0.5,
      "folds": [
        {
          "fold": "2024H2",
          "top1_lift_pp": -0.16406890894175574,
          "top3_lift_pp": 0.0,
          "logloss_delta": -0.0012465969253794285,
          "candidate": {
            "races": 1219,
            "top1": 0.2469237079573421,
            "top3": 0.5758818703855619,
            "race_logloss": 2.1035647929576293
          }
        },
        {
          "fold": "2025H1",
          "top1_lift_pp": 0.16116035455278066,
          "top3_lift_pp": 0.8058017727639033,
          "logloss_delta": 0.030413431597311913,
          "candidate": {
            "races": 1241,
            "top1": 0.3005640612409347,
            "top3": 0.5962933118452861,
            "race_logloss": 2.060592860298639
          }
        },
        {
          "fold": "2025H2",
          "top1_lift_pp": 0.4111842105263108,
          "top3_lift_pp": -0.24671052631578538,
          "logloss_delta": 0.04175083018808046,
          "candidate": {
            "races": 1216,
            "top1": 0.30180921052631576,
            "top3": 0.6175986842105263,
            "race_logloss": 2.0177387106741453
          }
        },
        {
          "fold": "2026H1",
          "top1_lift_pp": 0.8410428931875547,
          "top3_lift_pp": 0.0841042893187649,
          "logloss_delta": 0.04494947916522496,
          "candidate": {
            "races": 1189,
            "top1": 0.3010933557611438,
            "top3": 0.6190075693860387,
            "race_logloss": 2.0162938791389347
          }
        }
      ],
      "selection_mean_top1_lift_pp": 0.1360918853791119,
      "selection_min_top1_lift_pp": -0.16406890894175574,
      "selection_min_top3_lift_pp": -0.24671052631578538,
      "pooled_bootstrap": {
        "mean_pp": 0.3083247687564234,
        "ci95_low_pp": -0.06166495375128469,
        "ci95_high_pp": 0.6783144912641316,
        "probability_positive": 0.9465
      },
      "pooled_logloss_delta": 0.02885205118186196,
      "promotion_pass": false
    },
    "pair_hgb_d2": {
      "weight": 0.5,
      "folds": [
        {
          "fold": "2024H2",
          "top1_lift_pp": 0.24610336341263084,
          "top3_lift_pp": 0.0,
          "logloss_delta": -0.00511357863693096,
          "candidate": {
            "races": 1219,
            "top1": 0.25102543068088595,
            "top3": 0.5758818703855619,
            "race_logloss": 2.099697811246078
          }
        },
        {
          "fold": "2025H1",
          "top1_lift_pp": 0.40290088638195165,
          "top3_lift_pp": 0.9669621273166729,
          "logloss_delta": 0.029966059276399726,
          "candidate": {
            "races": 1241,
            "top1": 0.3029814665592264,
            "top3": 0.5979049153908138,
            "race_logloss": 2.060145487977727
          }
        },
        {
          "fold": "2025H2",
          "top1_lift_pp": 0.08223684210525994,
          "top3_lift_pp": -0.49342105263157077,
          "logloss_delta": 0.03964086333974226,
          "candidate": {
            "races": 1216,
            "top1": 0.29851973684210525,
            "top3": 0.6151315789473685,
            "race_logloss": 2.015628743825807
          }
        },
        {
          "fold": "2026H1",
          "top1_lift_pp": 0.7569386038688009,
          "top3_lift_pp": -0.0841042893187538,
          "logloss_delta": 0.04400261014944751,
          "candidate": {
            "races": 1189,
            "top1": 0.3002523128679563,
            "top3": 0.6173254835996635,
            "race_logloss": 2.015347010123157
          }
        }
      ],
      "selection_mean_top1_lift_pp": 0.24374703063328082,
      "selection_min_top1_lift_pp": 0.08223684210525994,