{
  "method": "venue_aware_sectional_efficiency_chronological_search",
  "baseline": "kra_dual_phase_v4_history",
  "odds_in_candidate": false,
  "minimum_absolute_top1_lift_pp": 5.0,
  "feature_count": 52,
  "selection_folds": [
    "2024H2",
    "2025H1",
    "2025H2"
  ],
  "confirmation_fold": "2026_PRE_FRESH",
  "fresh_holdout_is_pristine": false,
  "fresh_holdout_note": "20260622-20260711 was already inspected; promotion requires later races",
  "selected": "dynamic_place_d3@0.50",
  "selected_result": {
    "name": "dynamic_place_d3",
    "weight": 0.5,
    "top1_lifts_pp": [
      0.7383100902378981,
      0.5640612409347323,
      0.5756578947368418,
      1.4297729184188424
    ],
    "top3_lifts_pp": [
      1.066447908121415,
      2.014504431909747,
      2.220394736842113,
      1.6820857863751093
    ],
    "logloss_deltas": [
      -0.033595267092235925,
      -0.0025484184093103046,
      -0.008913138324133207,
      0.00356304510142591
    ],
    "pooled_bootstrap": {
      "mean_pp": 0.8221993833504625,
      "ci95_low_pp": 0.20554984583761562,
      "ci95_high_pp": 1.4388489208633095,
      "probability_positive": 0.9936
    },
    "pooled_logloss_delta": -0.01043463240895548,
    "fresh_holdout": {
      "from": "20260622",
      "baseline": {
        "races": 134,
        "top1": 0.31343283582089554,
        "top3": 0.664179104477612,
        "race_logloss": 1.913506339445693
      },
      "candidate": {
        "races": 134,
        "top1": 0.30597014925373134,
        "top3": 0.6268656716417911,
        "race_logloss": 1.9185259614564925
      },
      "bootstrap": {
        "mean_pp": -0.7462686567164178,
        "ci95_low_pp": -4.477611940298507,
        "ci95_high_pp": 2.9850746268656714,
        "probability_positive": 0.283
      },
      "retrospective_market": {
        "races": 134,
        "top1": 0.39552238805970147,
        "top3": 0.7089552238805971,
        "race_logloss": 1.7011436902597352
      },
      "candidate_vs_market_top1_pp": -8.955223880597012
    },
    "metric_gate_without_pristine_requirement": false,
    "promotion_pass": false
  },
  "retrospective_market_diagnostics": [
    {
      "fold": "2024H2",
      "races": 1219,
      "candidate_top1": 0.2559474979491386,
      "market_top1": 0.35192780968006565,
      "candidate_vs_market_top1_pp": -9.598031173092703,
      "market_uses_retrospective_closing_odds": true
    },
    {
      "fold": "2025H1",
      "races": 1241,
      "candidate_top1": 0.3045930701047542,
      "market_top1": 0.38033843674456086,
      "candidate_vs_market_top1_pp": -7.5745366639806635,
      "market_uses_retrospective_closing_odds": true
    },
    {
      "fold": "2025H2",
      "races": 1216,
      "candidate_top1": 0.3034539473684211,
      "market_top1": 0.38651315789473684,
      "candidate_vs_market_top1_pp": -8.305921052631577,
      "market_uses_retrospective_closing_odds": true
    },
    {
      "fold": "2026_PRE_FRESH",
      "races": 1189,
      "candidate_top1": 0.3069806560134567,
      "market_top1": 0.3809924306139613,
      "candidate_vs_market_top1_pp": -7.401177460050462,
      "market_uses_retrospective_closing_odds": true
    }
  ],
  "candidates": [
    {
      "name": "dynamic_win_d2",
      "weight": 0.25,
      "top1_lifts_pp": [
        0.0,
        -0.48348106365833643,
        0.16447368421052544,
        1.59798149705635
      ],
      "top3_lifts_pp": [
        0.9023789991796538,
        0.483481063658342,
        1.0690789473684292,
        0.7569386038688064
      ],
      "logloss_deltas": [
        -0.012735534544415117,
        -0.013048983056870966,
        -0.013163476868814916,
        -0.010284040744141798
      ]
    },
    {
      "name": "dynamic_win_d2",
      "weight": 0.5,
      "top1_lifts_pp": [
        -0.4922067268252672,
        0.08058017727639033,
        1.1513157894736836,
        1.4297729184188424
      ],
      "top3_lifts_pp": [
        0.656275635767023,
        1.6921837228041858,
        1.3157894736842146,
        1.0092514718250678
      ],
      "logloss_deltas": [
        -0.021632755166679285,
        -0.0223107664674278,
        -0.02200379993619128,
        -0.016285459930428514
      ]
    },
    {
      "name": "dynamic_win_d2",
      "weight": 0.75,
      "top1_lifts_pp": [
        0.0,
        0.0,
        0.6578947368421018,
        1.766190075693863
      ],
      "top3_lifts_pp": [
        1.1484823625922846,
        2.014504431909747,
        1.6447368421052655,
        1.6820857863751093
      ],
      "logloss_deltas": [
        -0.027318005071314655,
        -0.028073949624213057,
        -0.026848965011133208,
        -0.018189087591251596
      ]
    },
    {
      "name": "dynamic_win_d2",
      "weight": 1.0,
      "top1_lifts_pp": [
        0.5742411812961423,
        -0.8863819500402881,
        0.4934210526315763,
        1.6820857863751093
      ],
      "top3_lifts_pp": [
        0.8203445447087732,
        1.1281224818694535,
        1.8092105263157965,
        1.5979814970563555
      ],
      "logloss_deltas": [
        -0.030036538478160235,
        -0.030325049225195633,
        -0.02766646062982203,
        -0.01576814744813282
      ]
    },
    {
      "name": "dynamic_win_d3",
      "weight": 0.25,
      "top1_lifts_pp": [
        0.4922067268252672,
        0.241740531829171,
        0.24671052631578538,
        1.1774600504625754
      ],
      "top3_lifts_pp": [
        0.7383100902379036,
        0.8863819500402936,
        1.3980263157894801,
        1.0092514718250678
      ],
      "logloss_deltas": [
        -0.013390139730641959,
        -0.014359192869200843,
        -0.014989805534249001,
        -0.012239417224268356
      ]
    },
    {
      "name": "dynamic_win_d3",
      "weight": 0.5,
      "top1_lifts_pp": [
        -0.4922067268252672,
        0.40290088638195165,
        0.9868421052631582,
        1.5138772077375962
      ],
      "top3_lifts_pp": [
        1.722723543888438,
        1.4504431909750148,
        1.3980263157894801,
        1.766190075693863
      ],
      "logloss_deltas": [
        -0.02238661815881393,
        -0.0246743812421073,
        -0.02532310930397852,
        -0.019995083329179097
      ]
    },
    {
      "name": "dynamic_win_d3",
      "weight": 0.75,
      "top1_lifts_pp": [
        0.0,
        0.5640612409347323,
        1.398026315789469,
        1.9343986543313707
      ],
      "top3_lifts_pp": [
        1.312551271534046,
        1.9339242546333568,
        1.6447368421052655,
        1.0092514718250678
      ],
      "logloss_deltas": [
        -0.027837405574443252,
        -0.031192705070916205,
        -0.031432097202163556,
        -0.02346159168207307
      ]
    },
    {
      "name": "dynamic_win_d3",
      "weight": 1.0,
      "top1_lifts_pp": [
        0.4922067268252672,
        0.8058017727639033,
        0.9868421052631582,
        1.9343986543313707
      ],
      "top3_lifts_pp": [
        0.0,
        2.014504431909747,
        2.96052631578948,
        1.6820857863751093
      ],
      "logloss_deltas": [
        -0.030048359041653594,
        -0.03382601050569023,
        -0.033362186578143715,
        -0.02238745421391708
      ]
    },
    {
      "name": "dynamic_win_d4",
      "weight": 0.25,
      "top1_lifts_pp": [
        -0.5742411812961451,
        -0.24174053182916544,
        0.6578947368421018,
        1.1774600504625754
      ],
      "top3_lifts_pp": [
        1.6406890894175574,
        0.8863819500402936,
        0.9868421052631637,
        0.6728343145500415
      ],
      "logloss_deltas": [
        -0.012899293917020938,
        -0.015774462102158715,
        -0.01523241057694591,
        -0.011933388521847998
      ]
    },
    {
      "name": "dynamic_win_d4",
      "weight": 0.5,
      "top1_lifts_pp": [
        -0.4922067268252672,
        0.40290088638195165,
        1.64473684210526,
        1.1774600504625754
      ],