{
  "method": "context_adjusted_dynamic_strength_chronological_search",
  "baseline": "kra_dual_phase_v4_history",
  "minimum_absolute_top1_lift_pp": 5.0,
  "selection_folds": [
    "2024H2",
    "2025H1",
    "2025H2"
  ],
  "confirmation_fold": "2026_PRE_FRESH",
  "selected": "dynamic_win_d4@0.75",
  "selected_result": {
    "name": "dynamic_win_d4",
    "weight": 0.75,
    "top1_lifts_pp": [
      0.9023789991796538,
      0.6446414182111226,
      0.9868421052631582,
      2.0185029436501303
    ],
    "top3_lifts_pp": [
      1.312551271534046,
      1.0475423045930632,
      3.0427631578947345,
      3.111858704793946
    ],
    "logloss_deltas": [
      -0.039195597112991365,
      -0.033948815358889384,
      -0.03360097101825166,
      -0.04404597479084593
    ],
    "pooled_bootstrap": {
      "mean_pp": 1.1305241521068858,
      "ci95_low_pp": 0.22610483042137716,
      "ci95_high_pp": 2.055498458376156,
      "probability_positive": 0.9903
    },
    "pooled_logloss_delta": -0.03764582077665124,
    "fresh_holdout": {
      "from": "20260622",
      "baseline": {
        "races": 134,
        "top1": 0.31343283582089554,
        "top3": 0.664179104477612,
        "race_logloss": 1.913506339445693
      },
      "candidate": {
        "races": 134,
        "top1": 0.3283582089552239,
        "top3": 0.6716417910447762,
        "race_logloss": 1.8725166383326548
      },
      "bootstrap": {
        "mean_pp": 1.4925373134328357,
        "ci95_low_pp": -4.477611940298507,
        "ci95_high_pp": 7.462686567164178,
        "probability_positive": 0.6557
      }
    },
    "promotion_pass": false
  },
  "candidates": [
    {
      "name": "dynamic_win_d2",
      "weight": 0.25,
      "top1_lifts_pp": [
        0.8203445447087787,
        0.5640612409347323,
        0.4111842105263108,
        1.2615643397813292
      ],
      "top3_lifts_pp": [
        1.1484823625922846,
        1.1281224818694535,
        1.8914473684210509,
        1.345668629100094
      ],
      "logloss_deltas": [
        -0.020778651376319957,
        -0.018287927759927936,
        -0.018060389996533033,
        -0.02020659670381253
      ]
    },
    {
      "name": "dynamic_win_d2",
      "weight": 0.5,
      "top1_lifts_pp": [
        1.2305168170631653,
        0.0,
        0.5756578947368418,
        1.1774600504625754
      ],
      "top3_lifts_pp": [
        1.2305168170631653,
        1.9339242546333568,
        2.1381578947368474,
        2.1026072329688894
      ],
      "logloss_deltas": [
        -0.03511462339707272,
        -0.03066642992512114,
        -0.03048118540218847,
        -0.03422888841179916
      ]
    },
    {
      "name": "dynamic_win_d2",
      "weight": 0.75,
      "top1_lifts_pp": [
        0.9023789991796538,
        0.241740531829171,
        0.9046052631578927,
        1.850294365012617
      ],
      "top3_lifts_pp": [
        1.8867924528301883,
        1.7727639000805762,
        2.220394736842113,
        2.775441547518931
      ],
      "logloss_deltas": [
        -0.044169059052729054,
        -0.037772515891628666,
        -0.03780477707627794,
        -0.04265024628321279
      ]
    },
    {
      "name": "dynamic_win_d2",
      "weight": 1.0,
      "top1_lifts_pp": [
        1.5586546349466768,
        0.40290088638195165,
        1.5625,
        1.6820857863751093
      ],
      "top3_lifts_pp": [
        1.5586546349466768,
        1.6921837228041858,
        1.8092105263157965,
        2.6072329688814233
      ],
      "logloss_deltas": [
        -0.04831155723329905,
        -0.03958995900578577,
        -0.04002550573219188,
        -0.04538835602579527
      ]
    },
    {
      "name": "dynamic_win_d3",
      "weight": 0.25,
      "top1_lifts_pp": [
        0.7383100902378981,
        0.40290088638195165,
        0.0,
        1.0092514718250623
      ],
      "top3_lifts_pp": [
        0.7383100902379036,
        1.2087026591458438,
        1.6447368421052655,
        1.5979814970563555
      ],
      "logloss_deltas": [
        -0.02061148494382614,
        -0.017345940375304902,
        -0.01821846278292516,
        -0.021041722589780765
      ]
    },
    {
      "name": "dynamic_win_d3",
      "weight": 0.5,
      "top1_lifts_pp": [
        0.9844134536505345,
        0.16116035455278066,
        0.7401315789473673,
        1.3456686291000886
      ],
      "top3_lifts_pp": [
        1.6406890894175574,
        2.175664786462528,
        2.220394736842113,
        2.186711522287643
      ],
      "logloss_deltas": [
        -0.03409261429841326,
        -0.028882295917792344,
        -0.030689109778766932,
        -0.03593702687591516
      ]
    },
    {
      "name": "dynamic_win_d3",
      "weight": 0.75,
      "top1_lifts_pp": [
        1.0664479081214095,
        0.16116035455278066,
        0.5756578947368418,
        2.186711522287638
      ],
      "top3_lifts_pp": [
        1.8047579983593076,
        1.7727639000805762,
        2.220394736842113,
        2.775441547518931
      ],
      "logloss_deltas": [
        -0.041885138662780985,
        -0.03523987466976375,
        -0.03792687379517301,
        -0.04522479829131032
      ]
    },
    {
      "name": "dynamic_win_d3",
      "weight": 1.0,
      "top1_lifts_pp": [
        0.4922067268252672,
        0.6446414182111226,
        0.4111842105263108,
        1.9343986543313707
      ],
      "top3_lifts_pp": [
        1.066447908121415,
        1.9339242546333568,
        2.6315789473684292,
        2.4390243902439046
      ],
      "logloss_deltas": [
        -0.044334776078366556,
        -0.03641093433039244,
        -0.03987607204690691,
        -0.048772594638615274
      ]
    },
    {
      "name": "dynamic_win_d4",
      "weight": 0.25,
      "top1_lifts_pp": [
        0.8203445447087787,
        0.08058017727639033,
        -0.0822368421052655,
        1.0092514718250623
      ],
      "top3_lifts_pp": [
        0.7383100902379036,
        0.5640612409347323,
        1.3980263157894801,
        1.345668629100094
      ],
      "logloss_deltas": [
        -0.020450765357610923,
        -0.017293098807446672,
        -0.016989191919080326,
        -0.020648645839375313
      ]
    },
    {
      "name": "dynamic_win_d4",
      "weight": 0.5,
      "top1_lifts_pp": [
        1.312551271534046,
        0.5640612409347323,
        0.6578947368421018,
        1.6820857863751093
      ],
      "top3_lifts_pp": [
        2.378999179655461,
        1.2087026591458438,
        2.4671052631578982,
        2.6072329688814233
      ],
      "logloss_deltas": [
        -0.03301601630449946,
        -0.0284193848868175,
        -0.027984419198774146,
        -0.03515725435874928
      ]
    },
    {
      "name": "dynamic_win_d4",
      "weight": 0.75,
      "top1_lifts_pp": [
        0.9023789991796538,
        0.6446414182111226,
        0.9868421052631582,
        2.0185029436501303
      ],
      "top3_lifts_pp": [
        1.312551271534046,
        1.0475423045930632,
        3.0427631578947345,
        3.111858704793946
      ],
      "logloss_deltas": [
        -0.039195597112991365,
        -0.033948815358889384,
        -0.03360097101825166,
        -0.04404597479084593
      ]
    },
    {
      "name": "dynamic_win_d4",
      "weight": 1.0,
      "top1_lifts_pp": [
        0.16406890894175574,
        0.40290088638195165,
        0.4934210526315763,
        2.102607232968884
      ],
      "top3_lifts_pp": [
        0.1640689089417613,
        0.8863819500402936,
        1.8914473684210509,
        3.532380151387726
      ],
      "logloss_deltas": [
        -0.03924304970720005,
        -0.03371357658252916,
        -0.03381118603447475,
        -0.04720068966819091
      ]
    },
    {
      "name": "dynamic_place_d3",
      "weight": 0.25,
      "top1_lifts_pp": [
        0.4101722723543866,
        0.0,
        0.16447368421052544,
        0.9251471825063085
      ],