{
  "method": "dynamic_history_multitarget_chronological_search",
  "baseline": "kra_dual_phase_v4_history",
  "minimum_absolute_top1_lift_pp": 5.0,
  "selection_folds": [
    "2024H2",
    "2025H1",
    "2025H2"
  ],
  "confirmation_fold": "2026_PRE_FRESH",
  "selected": "dynamic_extra_d12@0.75",
  "selected_result": {
    "name": "dynamic_extra_d12",
    "weight": 0.75,
    "top1_lifts_pp": [
      0.5742411812961423,
      0.483481063658342,
      1.1513157894736836,
      1.1774600504625754
    ],
    "top3_lifts_pp": [
      0.41017227235439213,
      1.6921837228041858,
      2.055921052631582,
      2.9436501261564385
    ],
    "logloss_deltas": [
      -0.01502510093896614,
      0.017355226161235304,
      0.03007347830763818,
      0.02511681873518601
    ],
    "pooled_bootstrap": {
      "mean_pp": 0.8427543679342241,
      "ci95_low_pp": 0.12332990750256938,
      "ci95_high_pp": 1.5621788283658786,
      "probability_positive": 0.9887
    },
    "pooled_logloss_delta": 0.014302503464107996,
    "fresh_holdout": {
      "from": "20260622",
      "baseline": {
        "races": 134,
        "top1": 0.31343283582089554,
        "top3": 0.664179104477612,
        "race_logloss": 1.913506339445693
      },
      "candidate": {
        "races": 134,
        "top1": 0.31343283582089554,
        "top3": 0.6417910447761194,
        "race_logloss": 1.9522458918123862
      },
      "bootstrap": {
        "mean_pp": 0.0,
        "ci95_low_pp": -4.477611940298507,
        "ci95_high_pp": 4.477611940298507,
        "probability_positive": 0.4401
      }
    },
    "promotion_pass": false
  },
  "candidates": [
    {
      "name": "dynamic_win_d2",
      "weight": 0.25,
      "top1_lifts_pp": [
        -0.3281378178835115,
        0.241740531829171,
        0.7401315789473673,
        0.7569386038688009
      ],
      "top3_lifts_pp": [
        0.4922067268252617,
        0.8863819500402936,
        1.5625,
        1.345668629100094
      ],
      "logloss_deltas": [
        -0.017607112772204392,
        -0.015271270541062254,
        -0.013632938861174004,
        -0.018876483097747254
      ]
    },
    {
      "name": "dynamic_win_d2",
      "weight": 0.5,
      "top1_lifts_pp": [
        0.3281378178835115,
        0.40290088638195165,
        0.4111842105263108,
        1.6820857863751093
      ],
      "top3_lifts_pp": [
        1.2305168170631653,
        1.6116035455277955,
        1.9736842105263164,
        1.9343986543313707
      ],
      "logloss_deltas": [
        -0.029542658690528523,
        -0.025562134277679505,
        -0.02176012021096585,
        -0.03227748074837211
      ]
    },
    {
      "name": "dynamic_win_d2",
      "weight": 0.75,
      "top1_lifts_pp": [
        0.656275635767023,
        0.3223207091055613,
        1.1513157894736836,
        2.5231286795626584
      ],
      "top3_lifts_pp": [
        1.6406890894175574,
        2.417405318291699,
        1.8092105263157965,
        2.775441547518931
      ],
      "logloss_deltas": [
        -0.03673190522358949,
        -0.031375716990389435,
        -0.025059091591568272,
        -0.04070591283884739
      ]
    },
    {
      "name": "dynamic_win_d2",
      "weight": 1.0,
      "top1_lifts_pp": [
        0.3281378178835115,
        0.40290088638195165,
        0.9046052631578927,
        2.2708158116063917
      ],
      "top3_lifts_pp": [
        1.4766201804757961,
        2.175664786462528,
        1.3157894736842146,
        2.6072329688814233
      ],
      "logloss_deltas": [
        -0.03946730925774444,
        -0.032751784447759835,
        -0.023662349278972927,
        -0.044109973495742194
      ]
    },
    {
      "name": "dynamic_win_d3",
      "weight": 0.25,
      "top1_lifts_pp": [
        0.16406890894175574,
        -0.24174053182916544,
        0.16447368421052544,
        0.8410428931875547
      ],
      "top3_lifts_pp": [
        0.4922067268252617,
        0.8058017727639033,
        1.4802631578947345,
        2.0185029436501356
      ],
      "logloss_deltas": [
        -0.017692015758782986,
        -0.01612416111035264,
        -0.016797924619181837,
        -0.0207449099346686
      ]
    },
    {
      "name": "dynamic_win_d3",
      "weight": 0.5,
      "top1_lifts_pp": [
        0.16406890894175574,
        0.08058017727639033,
        0.5756578947368418,
        1.4297729184188424
      ],
      "top3_lifts_pp": [
        1.4766201804757961,
        2.3368251410153085,
        2.3026315789473673,
        2.775441547518931
      ],
      "logloss_deltas": [
        -0.02907623295992945,
        -0.0270164901216563,
        -0.02819168687336826,
        -0.035834772991464536
      ]
    },
    {
      "name": "dynamic_win_d3",
      "weight": 0.75,
      "top1_lifts_pp": [
        0.16406890894175574,
        0.6446414182111226,
        0.3289473684210509,
        1.0933557611438216
      ],
      "top3_lifts_pp": [
        1.066447908121415,
        2.900886381950041,
        2.1381578947368474,
        3.61648444070648
      ],
      "logloss_deltas": [
        -0.03530704935656104,
        -0.03322205641938614,
        -0.03470040765883731,
        -0.0458279239342978
      ]
    },
    {
      "name": "dynamic_win_d3",
      "weight": 1.0,
      "top1_lifts_pp": [
        0.4101722723543866,
        0.6446414182111226,
        0.5756578947368418,
        1.766190075693863
      ],
      "top3_lifts_pp": [
        0.5742411812961423,
        2.5785656728444795,
        2.8782894736842146,
        2.8595458368376847
      ],
      "logloss_deltas": [
        -0.03666382418967684,
        -0.03476631485194792,
        -0.036357132564386996,
        -0.05070243538297925
      ]
    },
    {
      "name": "dynamic_win_d4",
      "weight": 0.25,
      "top1_lifts_pp": [
        -0.08203445447087787,
        -0.48348106365833643,
        0.0,
        0.5887300252312877
      ],
      "top3_lifts_pp": [
        0.656275635767023,
        1.0475423045930632,
        1.1513157894736836,
        1.6820857863751093
      ],
      "logloss_deltas": [
        -0.017698596647088394,
        -0.01601539125364848,
        -0.016952367496344323,
        -0.019586181400092606
      ]
    },
    {
      "name": "dynamic_win_d4",
      "weight": 0.5,
      "top1_lifts_pp": [
        0.5742411812961423,
        0.40290088638195165,
        0.3289473684210509,
        1.59798149705635
      ],
      "top3_lifts_pp": [
        2.132895816242819,
        2.497985495568089,
        1.8092105263157965,
        2.6072329688814233
      ],
      "logloss_deltas": [
        -0.02851314911669478,
        -0.02653331200942377,
        -0.028371898609091506,
        -0.03333927918274249
      ]
    },
    {
      "name": "dynamic_win_d4",
      "weight": 0.75,
      "top1_lifts_pp": [
        0.3281378178835115,
        0.966962127316684,
        0.9868421052631582,
        1.59798149705635
      ],
      "top3_lifts_pp": [
        1.5586546349466768,
        2.65914585012087,
        2.055921052631582,
        2.775441547518931
      ],
      "logloss_deltas": [
        -0.03363779736055683,
        -0.03216339028532378,
        -0.03477882497442697,
        -0.041796642202840184
      ]
    },
    {
      "name": "dynamic_win_d4",
      "weight": 1.0,
      "top1_lifts_pp": [
        0.0,
        0.8863819500402936,
        1.315789473684209,
        2.186711522287638
      ],
      "top3_lifts_pp": [
        0.7383100902379036,
        2.417405318291699,
        2.4671052631578982,
        2.775441547518931
      ],
      "logloss_deltas": [
        -0.03330124642655807,
        -0.03297428860940399,
        -0.036172627650931544,
        -0.04491247062104464
      ]
    },
    {
      "name": "dynamic_place_d3",
      "weight": 0.25,
      "top1_lifts_pp": [
        0.4922067268252672,
        0.08058017727639033,
        0.24671052631578538,
        0.6728343145500415
      ],