{
  "actual_win_favorite_verification": {
    "actual_win_odds_favorite_top1": 0.6368390470656595,
    "board_first_mass_matches_win_odds_favorite": 0.9343404997094712,
    "board_first_mass_top1_on_same_sample": 0.641487507263219,
    "n": 1721,
    "note": "keirin.db payoff has only winning payout fields, so full favorite ranking was checked with the local 2025 win-odds file.",
    "source": "/Users/tttksj/keirin/data/wodds_2025.txt",
    "year": "2025"
  },
  "by_grade": {
    "선발": {
      "agree_n": 3175,
      "agree_rate": 0.7945445445445446,
      "disagree_n": 821,
      "label": "선발",
      "n": 3996,
      "pair_approx": {
        "exacta_ordered_top2_market": 0.3360860860860861,
        "exacta_ordered_top2_model": 0.262012012012012,
        "quinella_unordered_top2_market": 0.4552052052052052,
        "quinella_unordered_top2_model": 0.37487487487487486
      },
      "win_top1": {
        "delta_market_minus_model_pp": 3.753753753753756,
        "market": 0.6201201201201201,
        "model": 0.5825825825825826
      },
      "winner_in_top2": {
        "delta_market_minus_model_win_top2_pp": 2.177177177177171,
        "market_first_mass_top2": 0.825075075075075,
        "model_plc_top2": 0.806056056056056,
        "model_win_top2": 0.8033033033033034
      }
    },
    "우수": {
      "agree_n": 4165,
      "agree_rate": 0.8084239130434783,
      "disagree_n": 987,
      "label": "우수",
      "n": 5152,
      "pair_approx": {
        "exacta_ordered_top2_market": 0.3144409937888199,
        "exacta_ordered_top2_model": 0.234472049689441,
        "quinella_unordered_top2_market": 0.4266304347826087,
        "quinella_unordered_top2_model": 0.3472437888198758
      },
      "win_top1": {
        "delta_market_minus_model_pp": 4.309006211180119,
        "market": 0.610248447204969,
        "model": 0.5671583850931677
      },
      "winner_in_top2": {
        "delta_market_minus_model_win_top2_pp": 1.9215838509316683,
        "market_first_mass_top2": 0.8165760869565217,
        "model_plc_top2": 0.7917313664596274,
        "model_win_top2": 0.797360248447205
      }
    },
    "특선": {
      "agree_n": 3029,
      "agree_rate": 0.879245283018868,
      "disagree_n": 416,
      "label": "특선",
      "n": 3445,
      "pair_approx": {
        "exacta_ordered_top2_market": 0.4275761973875181,
        "exacta_ordered_top2_model": 0.346589259796807,
        "quinella_unordered_top2_market": 0.5030478955007257,
        "quinella_unordered_top2_model": 0.42380261248185774
      },
      "win_top1": {
        "delta_market_minus_model_pp": 2.46734397677794,
        "market": 0.7285921625544267,
        "model": 0.7039187227866474
      },
      "winner_in_top2": {
        "delta_market_minus_model_win_top2_pp": 1.654571843251091,
        "market_first_mass_top2": 0.8685050798258346,
        "model_plc_top2": 0.8539912917271408,
        "model_win_top2": 0.8519593613933236
      }
    }
  },
  "by_year": {
    "2018": {
      "agree_n": 1822,
      "agree_rate": 0.8065515714918106,
      "disagree_n": 437,
      "label": "2018",
      "n": 2259,
      "pair_approx": {
        "exacta_ordered_top2_market": 0.3377600708277999,
        "exacta_ordered_top2_model": 0.2864099158919876,
        "quinella_unordered_top2_market": 0.46126604692341744,
        "quinella_unordered_top2_model": 0.4063745019920319
      },
      "win_top1": {
        "delta_market_minus_model_pp": 2.2133687472332966,
        "market": 0.6259406817175741,
        "model": 0.6038069942452412
      },
      "winner_in_top2": {
        "delta_market_minus_model_win_top2_pp": 0.8410801239486432,
        "market_first_mass_top2": 0.8233731739707836,
        "model_plc_top2": 0.8047808764940239,
        "model_win_top2": 0.814962372731297
      }
    },
    "2019": {
      "agree_n": 1153,
      "agree_rate": 0.8312905551550108,
      "disagree_n": 234,
      "label": "2019",
      "n": 1387,
      "pair_approx": {
        "exacta_ordered_top2_market": 0.40663302090843545,
        "exacta_ordered_top2_model": 0.3467916366258111,
        "quinella_unordered_top2_market": 0.524873828406633,
        "quinella_unordered_top2_model": 0.4708002883922134
      },
      "win_top1": {
        "delta_market_minus_model_pp": 1.7303532804614292,
        "market": 0.67267483777938,
        "model": 0.6553713049747657
      },
      "winner_in_top2": {
        "delta_market_minus_model_win_top2_pp": -1.297764960346072,
        "market_first_mass_top2": 0.8435472242249459,
        "model_plc_top2": 0.8507570295602018,
        "model_win_top2": 0.8565248738284066
      }
    },
    "2020": {
      "agree_n": 269,
      "agree_rate": 0.838006230529595,
      "disagree_n": 52,
      "label": "2020",
      "n": 321,
      "pair_approx": {
        "exacta_ordered_top2_market": 0.3987538940809969,
        "exacta_ordered_top2_model": 0.3613707165109034,
        "quinella_unordered_top2_market": 0.5545171339563862,
        "quinella_unordered_top2_model": 0.4797507788161994
      },
      "win_top1": {
        "delta_market_minus_model_pp": -0.6230529595015568,
        "market": 0.6355140186915887,
        "model": 0.6417445482866043
      },
      "winner_in_top2": {
        "delta_market_minus_model_win_top2_pp": 2.803738317757009,
        "market_first_mass_top2": 0.8535825545171339,
        "model_plc_top2": 0.8286604361370716,
        "model_win_top2": 0.8255451713395638
      }
    },
    "2021": {
      "agree_n": 175,
      "agree_rate": 0.8373205741626795,
      "disagree_n": 34,
      "label": "2021",
      "n": 209,
      "pair_approx": {
        "exacta_ordered_top2_market": 0.430622009569378,
        "exacta_ordered_top2_model": 0.27751196172248804,
        "quinella_unordered_top2_market": 0.5311004784688995,
        "quinella_unordered_top2_model": 0.37320574162679426
      },
      "win_top1": {
        "delta_market_minus_model_pp": 8.133971291866033,
        "market": 0.7272727272727273,
        "model": 0.645933014354067
      },
      "winner_in_top2": {
        "delta_market_minus_model_win_top2_pp": 2.3923444976076667,
        "market_first_mass_top2": 0.8660287081339713,
        "model_plc_top2": 0.8325358851674641,
        "model_win_top2": 0.8421052631578947
      }
    },
    "2022": {
      "agree_n": 1934,
      "agree_rate": 0.824381926683717,
      "disagree_n": 412,
      "label": "2022",
      "n": 2346,
      "pair_approx": {
        "exacta_ordered_top2_market": 0.36871270247229326,
        "exacta_ordered_top2_model": 0.2907075873827792,
        "quinella_unordered_top2_market": 0.46845694799658993,
        "quinella_unordered_top2_model": 0.39300937766410915
      },
      "win_top1": {
        "delta_market_minus_model_pp": 3.8789428815004356,
        "market": 0.6466325660699063,
        "model": 0.6078431372549019
      },
      "winner_in_top2": {
        "delta_market_minus_model_win_top2_pp": 2.7706734867860234,
        "market_first_mass_top2": 0.829070758738278,
        "model_plc_top2": 0.8052003410059676,
        "model_win_top2": 0.8013640238704177
      }
    },
    "2023": {
      "agree_n": 2013,
      "agree_rate": 0.8565957446808511,
      "disagree_n": 337,
      "label": "2023",
      "n": 2350,
      "pair_approx": {
        "exacta_ordered_top2_market": 0.3374468085106383,
        "exacta_ordered_top2_model": 0.2574468085106383,
        "quinella_unordered_top2_market": 0.42936170212765956,
        "quinella_unordered_top2_model": 0.34425531914893615
      },
      "win_top1": {
        "delta_market_minus_model_pp": 3.1063829787234027,
        "market": 0.6497872340425532,
        "model": 0.6187234042553191
      },
      "winner_in_top2": {
        "delta_market_minus_model_win_top2_pp": 2.2127659574468055,
        "market_first_mass_top2": 0.8327659574468085,
        "model_plc_top2": 0.8191489361702128,
        "model_win_top2": 0.8106382978723404
      }
    },
    "2024": {
      "agree_n": 632,
      "agree_rate": 0.8207792207792208,